questvzhanrecomua,"{12691: ([9499], 9.857072449482504e-05)}"
quickbooks,"{12691: ([6993], 9.857072449482504e-05)}"
quickly,"{12691: ([1511, 6071], 0.00019714144898965008), 13523: ([151], 0.0030959752321981426), 13641: ([151], 0.0030959752321981426), 13643: ([151], 0.0030959752321981426), 13834: ([151], 0.0030959752321981426), 13894: ([151], 0.0030959752321981426), 13952: ([151], 0.0030959752321981426), 14119: ([242], 0.0026595744680851063), 14171: ([133], 0.005434782608695652), 14621: ([564], 0.0005037783375314861), 16676: ([1065], 0.0007861635220125787), 16881: ([24, 34, 47], 0.030303030303030304), 19644: ([36], 0.009259259259259259), 21149: ([144], 0.005128205128205128), 21414: ([102], 0.005649717514124294), 23543: ([0], 0.02857142857142857), 24348: ([10], 0.02857142857142857), 25230: ([102], 0.005434782608695652), 27419: ([562], 0.0014858841010401188), 27604: ([4, 34, 39], 0.075), 31199: ([84], 0.011764705882352941), 32555: ([0], 0.05), 34843: ([24, 34, 47], 0.030303030303030304)}"
quoc,"{12691: ([7814], 9.857072449482504e-05)}"
quote,"{12691: ([6407], 9.857072449482504e-05), 15126: ([514, 1080], 0.001639344262295082), 15231: ([2890], 0.00026888948642108095), 15269: ([4748], 0.00013910140492418973), 16084: ([3258], 0.00024396194193705782), 16555: ([17], 0.03125), 16603: ([4406], 0.00015306903413439462), 18384: ([797], 0.001201923076923077), 18665: ([4175], 0.0001719986240110079), 20701: ([2881], 0.00026954177897574127), 21644: ([2974], 0.00026295030239284776), 22213: ([4673], 0.00014058765640376775), 23647: ([1720], 0.000368052999631947), 24644: ([4730], 0.00013945056477478735), 25136: ([84, 100], 0.012578616352201259), 25580: ([4748], 0.00013910140492418973), 26686: ([2355], 0.00030330603579011223), 27125: ([3049], 0.00025673940949935817), 29267: ([3758], 0.0001751006828926633), 29438: ([2117], 0.00032690421706440013), 31683: ([803], 0.0003875968992248062), 32006: ([3742], 0.00018656716417910448), 32151: ([2890], 0.00026888948642108095), 32787: ([2051], 0.00036886757654002215), 33154: ([2189], 0.00031938677738741617), 36980: ([14], 0.005747126436781609), 37174: ([2568], 0.00028843380444188056)}"
quarters,"{13100: ([50], 0.008264462809917356), 14335: ([21, 21], 0.0004302925989672978), 14621: ([1377, 1469, 1772], 0.0015113350125944584), 16309: ([230, 651, 974, 1547], 0.0018475750577367205), 18410: ([51], 0.006535947712418301), 18524: ([1337, 1429, 1648], 0.0016120365394948952), 18889: ([21], 0.00847457627118644), 20168: ([230, 651, 974, 1547], 0.0018475750577367205), 20502: ([21], 0.00847457627118644), 21365: ([338, 360], 0.0049504950495049506), 22169: ([245, 669, 965, 1578], 0.00186219739292365), 22976: ([236, 660, 935, 1548], 0.0018885741265344666), 23716: ([47], 0.012658227848101266), 24876: ([1162, 1252, 1608], 0.0016474464579901153), 26191: ([201], 0.0049504950495049506), 27099: ([201], 0.0049504950495049506), 27381: ([10, 11], 0.0058309037900874635), 28574: ([1206, 1298, 1654], 0.0016068559185859668), 29182: ([242, 663, 963, 1536], 0.0018570102135561746), 31881: ([234], 0.004132231404958678), 33527: ([1, 4, 7], 0.3333333333333333), 33861: ([15], 0.0035587188612099642)}"
quasibayes,"{13017: ([42], 0.0037174721189591076), 13018: ([42], 0.0037174721189591076), 38608: ([19], 0.007246376811594203)}"
queer,"{13033: ([40, 41], 0.045454545454545456), 14696: ([66, 83], 0.008547008547008548), 15128: ([8, 38, 43, 46, 49, 52], 0.10909090909090909), 28972: ([58], 0.015384615384615385), 33541: ([62], 0.015384615384615385), 35272: ([66, 83], 0.008547008547008548), 36259: ([62], 0.015384615384615385), 37852: ([147], 0.0029239766081871343), 37941: ([60], 0.015384615384615385), 37956: ([5, 19, 33, 44, 47, 50, 53, 5, 19, 33, 44, 47, 50, 53], 0.004962779156327543), 37963: ([69], 0.013888888888888888), 38002: ([66, 177, 180, 66, 177, 180], 0.0019059720457433292), 38450: ([22, 39], 0.013157894736842105), 38536: ([63, 176, 179], 0.016042780748663103)}"
quest,"{13346: ([8, 35, 52], 0.04918032786885246), 13478: ([17], 0.008849557522123894), 13911: ([4, 27, 39], 0.06382978723404255), 14066: ([38], 0.008264462809917356), 17799: ([1055], 0.0008968609865470852), 24589: ([235, 419], 0.0038461538461538464), 25896: ([10, 45], 0.03225806451612903), 31683: ([482, 495], 0.0007751937984496124), 32617: ([1086], 0.0008984725965858042), 33753: ([36, 253, 268], 0.010344827586206896), 34444: ([764], 0.0012121212121212121), 38302: ([62], 0.004830917874396135), 38371: ([58, 58], 0.0006353240152477764), 38544: ([10, 33, 56], 0.04225352112676056)}"
quarterly,"{13750: ([2, 29, 43], 0.05454545454545454), 14083: ([3, 28, 40], 0.061224489795918366), 17799: ([710, 722, 1013, 1037, 1080, 1086], 0.0053811659192825115), 18407: ([11, 15], 0.015625), 18646: ([205], 0.004405286343612335), 19419: ([328], 0.0029411764705882353), 21417: ([270, 334, 336, 364], 0.010256410256410256), 23491: ([435], 0.002053388090349076), 24589: ([502], 0.0019230769230769232), 24733: ([102, 414, 682], 0.002973240832507433), 26128: ([98], 0.009615384615384616), 29023: ([676, 694, 718, 728, 730], 0.006587615283267457), 29723: ([20, 59], 0.008771929824561403), 29749: ([159], 0.004739336492890996), 30683: ([374], 0.0019193857965451055), 32617: ([831, 906], 0.0017969451931716084), 34239: ([67], 0.01282051282051282), 34302: ([59], 0.0013089005235602095), 34444: ([490, 801], 0.0024242424242424242), 37277: ([437, 468, 491, 505], 0.007905138339920948), 37279: ([53], 0.006024096385542169)}"
qi,"{14239: ([13, 42, 69], 0.03296703296703297), 14341: ([87], 0.0013869625520110957), 14385: ([4], 0.05263157894736842), 15283: ([0, 201], 0.0091324200913242), 15470: ([8, 10, 12, 14, 16, 18, 20, 22, 24, 26, 28, 30, 32, 34, 8, 10, 12, 14, 16, 18, 20, 22, 24, 26, 28, 30, 32, 34], 0.00534147272033575), 17313: ([64, 79, 98, 109, 122, 142, 162, 301, 304], 0.02127659574468085), 20161: ([0, 10], 0.043478260869565216), 23688: ([0, 3], 0.06060606060606061), 25849: ([32, 60, 85, 104], 0.027210884353741496), 29776: ([53, 72, 91, 117, 141, 221], 0.0018867924528301887), 30804: ([0, 13, 28, 41, 54, 68, 84, 99, 120, 133, 153, 167, 186, 206, 220, 231, 241, 256, 273, 288, 302, 318, 328, 349, 364, 375, 383, 393, 405, 419, 433, 443, 458, 468, 478, 481], 0.059900166389351084), 36220: ([0, 5], 0.01652892561983471), 37704: ([0, 63], 0.021505376344086023)}"
qualityaware,"{14105: ([8, 15, 42, 161], 0.024691358024691357), 14113: ([8, 15, 42, 161], 0.024691358024691357), 14824: ([42], 0.023255813953488372), 21845: ([25, 25], 0.00040559724193875484), 27827: ([29], 0.03333333333333333)}"
qualled,"{14361: ([42, 179], 0.009478672985781991), 14448: ([176], 0.004878048780487805), 20452: ([42, 185], 0.009216589861751152)}"
queries,"{14091: ([63, 157, 166, 180], 0.014234875444839857), 14094: ([78, 173, 182, 196], 0.011627906976744186), 14105: ([27, 35, 80, 120, 129], 0.030864197530864196), 14107: ([78, 173, 182, 196], 0.011627906976744186), 14108: ([32, 61], 0.013422818791946308), 14113: ([27, 35, 80, 120, 129], 0.030864197530864196), 14114: ([7], 0.010752688172043012), 15448: ([6, 29, 43], 0.05555555555555555), 16565: ([11], 0.017241379310344827), 16669: ([11, 15, 19], 0.1), 17173: ([5], 0.03333333333333333), 17252: ([27], 0.005235602094240838), 17294: ([83], 0.005747126436781609), 17761: ([5], 0.018867924528301886), 18158: ([6, 18], 0.04), 18544: ([103], 0.002631578947368421), 19384: ([482], 0.0006882312456985547), 19400: ([4], 0.04), 19459: ([161], 0.0017123287671232876), 19536: ([210], 0.0016611295681063123), 21447: ([511, 668], 0.001148105625717566), 21472: ([30], 0.024390243902439025), 24851: ([21], 0.029411764705882353), 25532: ([8, 28, 39], 0.06666666666666667), 26533: ([48, 71, 90, 101], 0.03389830508474576), 26549: ([261, 346], 0.0019723865877712033), 26676: ([13, 43, 62], 0.04225352112676056), 26768: ([165], 0.0024449877750611247), 26965: ([12], 0.008), 28548: ([30], 0.024390243902439025), 28863: ([98, 137, 163, 189, 386, 395], 0.012987012987012988), 29023: ([357, 658], 0.002635046113306983), 29369: ([70], 0.0032258064516129032), 29643: ([1081], 0.0003123048094940662), 29812: ([5], 0.034482758620689655), 30168: ([6], 0.02702702702702703), 30229: ([79, 169], 0.008583690987124463), 30362: ([682], 0.00032414910858995135), 30620: ([2, 75], 0.015503875968992248), 31840: ([2], 0.0196078431372549), 32577: ([6], 0.03225806451612903), 33131: ([190], 0.000731528895391368), 33481: ([5], 0.02857142857142857), 34305: ([1761, 2132], 0.000384172109104879), 34441: ([262], 0.0035842293906810036), 34448: ([193, 329], 0.005555555555555556), 34988: ([26], 0.006369426751592357), 35722: ([9], 0.014705882352941176), 36148: ([5, 23, 32], 0.07692307692307693), 36257: ([8, 37, 48], 0.05555555555555555), 36333: ([36], 0.011494252873563218), 37169: ([274], 0.0025575447570332483)}"
quoted,"{14120: ([16, 35, 52], 0.05660377358490566), 14131: ([120], 0.00558659217877095), 14132: ([11, 23, 33], 0.08823529411764706), 14156: ([19, 42, 63], 0.046875), 14182: ([87, 101], 0.012738853503184714), 14184: ([18, 36, 52], 0.05660377358490566), 14198: ([31, 104], 0.015151515151515152), 14242: ([14, 29, 42], 0.058823529411764705), 14248: ([33, 54, 83], 0.0189873417721519), 14257: ([38], 0.0196078431372549), 14271: ([33, 77, 90, 101], 0.024390243902439025), 14276: ([11, 23, 33], 0.08823529411764706), 14286: ([84], 0.008333333333333333), 14310: ([19, 39, 57], 0.04411764705882353), 14344: ([56, 113], 0.013245033112582781), 14365: ([15, 31, 45], 0.05454545454545454), 14366: ([20, 41, 60], 0.04918032786885246), 14381: ([17, 37, 55], 0.05357142857142857), 14383: ([9, 19, 27], 0.10714285714285714), 14386: ([95], 0.006944444444444444), 14389: ([19, 39, 57], 0.05172413793103448), 14418: ([22, 45, 66], 0.04477611940298507), 14448: ([43], 0.004878048780487805), 14458: ([21, 45, 67], 0.04411764705882353), 14467: ([15, 31, 45], 0.05357142857142857), 14476: ([16, 33, 48], 0.061224489795918366), 14494: ([15, 33, 49], 0.06), 14500: ([12, 25, 36], 0.06521739130434782), 15469: ([24, 66], 0.02702702702702703), 31683: ([2216], 0.0003875968992248062), 37844: ([16, 39, 62, 16, 39, 62], 0.0021269053527118043), 37847: ([129, 129], 0.0006353240152477764), 37849: ([25, 56, 25, 56], 0.0014179369018078695), 37853: ([11, 29, 47, 11, 29, 47], 0.0019059720457433292), 37857: ([15, 37, 59, 15, 37, 59], 0.0021269053527118043), 37859: ([24, 24], 0.0006353240152477764), 37866: ([10, 25, 40], 0.05454545454545454), 37874: ([14, 35, 56], 0.047619047619047616), 37877: ([16, 39, 62], 0.043478260869565216), 37880: ([43, 135, 43, 135], 0.0014179369018078695), 37881: ([29, 160], 0.01), 37884: ([17, 17], 0.0006353240152477764), 37889: ([15, 37, 59], 0.045454545454545456), 37890: ([19, 45, 71], 0.038461538461538464), 37904: ([10, 25, 40, 10, 25, 40], 0.0019059720457433292), 37907: ([11, 29, 47, 11, 29, 47], 0.0021269053527118043), 37908: ([18, 41, 64], 0.04225352112676056), 37912: ([20, 45, 70, 20, 45, 70], 0.0019059720457433292), 37917: ([7, 19, 31, 7, 19, 31], 0.0021269053527118043), 37920: ([12, 29, 46, 12, 29, 46], 0.0021269053527118043), 37929: ([16, 39, 62, 16, 39, 62], 0.0019059720457433292), 37935: ([13, 31, 49], 0.04411764705882353), 37947: ([18, 41, 64, 18, 41, 64], 0.0021269053527118043), 37952: ([84, 84], 0.0007089684509039348), 37970: ([21, 47, 73, 21, 47, 73], 0.0019059720457433292), 37977: ([14, 35, 56, 14, 35, 56], 0.0019059720457433292), 37984: ([13, 33, 53, 13, 33, 53], 0.0019059720457433292), 37987: ([53, 93, 118], 0.013392857142857142), 37988: ([46, 120], 0.0106951871657754), 37993: ([54, 54], 0.0007089684509039348), 37997: ([20, 45, 70, 20, 45, 70], 0.0021269053527118043), 38000: ([13, 33, 53, 13, 33, 53], 0.0019059720457433292), 38001: ([21, 49, 77], 0.03571428571428571), 38002: ([97, 123, 97, 123], 0.0012706480304955528), 38014: ([10, 25, 40, 10, 25, 40], 0.0021269053527118043), 38018: ([14, 33, 52, 14, 33, 52], 0.0021269053527118043), 38019: ([13, 31, 49, 13, 31, 49], 0.0019059720457433292), 38022: ([15, 59, 15, 59], 0.0012706480304955528), 38025: ([51, 51], 0.0006353240152477764), 38035: ([28, 97, 114, 28, 97, 114], 0.0021269053527118043), 38045: ([13, 33, 53, 13, 33, 53], 0.0019059720457433292), 38051: ([53, 53], 0.0007089684509039348), 38052: ([16, 39, 62, 16, 39, 62], 0.0021269053527118043), 38066: ([45, 58, 118], 0.014285714285714285), 38067: ([13, 33, 53, 13, 33, 53], 0.0021269053527118043), 38073: ([37, 90], 0.010416666666666666), 38075: ([45], 0.012048192771084338), 38081: ([131], 0.0047169811320754715), 38091: ([37, 120], 0.011235955056179775), 38094: ([17, 39, 61, 17, 39, 61], 0.0019059720457433292), 38095: ([18, 41, 64, 18, 41, 64], 0.0021269053527118043), 38096: ([21, 54, 21, 54], 0.0014179369018078695), 38099: ([29, 59], 0.011235955056179775), 38103: ([21, 47, 73, 21, 47, 73], 0.0021269053527118043), 38118: ([13, 31, 49, 13, 31, 49], 0.0021269053527118043), 38119: ([34, 34], 0.0007089684509039348), 38129: ([18, 43, 68], 0.04), 38143: ([21, 49, 77, 21, 49, 77], 0.0019059720457433292), 38144: ([21, 48, 75, 21, 48, 75], 0.0021269053527118043), 38150: ([63, 63], 0.0006353240152477764), 38160: ([94, 133, 153, 94, 133, 153], 0.0021269053527118043), 38166: ([10, 27, 44, 10, 27, 44], 0.0019059720457433292), 38170: ([27, 96, 112, 27, 96, 112], 0.0019059720457433292), 38171: ([52, 52], 0.0007089684509039348), 38178: ([18, 43, 68, 18, 43, 68], 0.0021269053527118043), 38182: ([59, 91], 0.00980392156862745), 38185: ([15, 37, 59, 15, 37, 59], 0.0021269053527118043), 38186: ([21, 49, 77, 21, 49, 77], 0.0019059720457433292), 38195: ([16, 39, 62], 0.043478260869565216), 38200: ([69, 85, 69, 85], 0.0012706480304955528), 38203: ([25, 25], 0.0007089684509039348), 38213: ([12, 31, 50, 12, 31, 50], 0.0019059720457433292), 38214: ([17, 38, 59, 17, 38, 59], 0.0021269053527118043), 38222: ([37, 55, 84, 99, 37, 55, 84, 99], 0.0025412960609911056), 38225: ([13, 31, 49, 13, 31, 49], 0.0019059720457433292), 38231: ([41, 69, 90, 41, 69, 90], 0.0019059720457433292), 38232: ([40, 40], 0.0007089684509039348), 38233: ([22, 51, 80, 22, 51, 80], 0.0021269053527118043), 38235: ([34, 52, 81, 96], 0.019704433497536946), 38237: ([17, 39, 61, 17, 39, 61], 0.0019059720457433292), 38240: ([18, 43, 68, 18, 43, 68], 0.0021269053527118043), 38242: ([52, 52], 0.0007089684509039348), 38253: ([11, 29, 47], 0.05555555555555555), 38256: ([35, 62, 35, 62], 0.0014179369018078695), 38257: ([20, 20], 0.0006353240152477764), 38274: ([21, 47, 73], 0.0375), 38275: ([20, 45, 70, 20, 45, 70], 0.0019059720457433292), 38285: ([17, 41, 65], 0.041666666666666664), 38289: ([14, 35, 56], 0.047619047619047616), 38295: ([93, 125], 0.010752688172043012), 38302: ([70, 98, 119], 0.014492753623188406), 38303: ([17, 39, 61], 0.04411764705882353), 38308: ([17, 41, 65], 0.041666666666666664), 38316: ([75, 75], 0.0006353240152477764), 38317: ([21, 47, 73, 21, 47, 73], 0.0019059720457433292), 38322: ([81], 0.005319148936170213), 38323: ([15, 35, 55, 15, 35, 55], 0.0019059720457433292), 38328: ([13, 31, 49], 0.05357142857142857), 38335: ([49, 84], 0.00784313725490196), 38340: ([17, 38, 59, 17, 38, 59], 0.0019059720457433292), 38343: ([39], 0.005), 38352: ([18, 35, 67, 94, 133], 0.027472527472527472), 38354: ([33, 73, 98], 0.01764705882352941), 38362: ([16, 39, 62], 0.043478260869565216), 38363: ([12, 31, 50, 12, 31, 50], 0.0019059720457433292), 38368: ([110], 0.0048543689320388345), 38370: ([17, 39, 61], 0.04411764705882353), 38371: ([66, 94, 66, 94], 0.0012706480304955528), 38372: ([18, 43, 68, 18, 43, 68], 0.0019059720457433292), 38375: ([16, 37, 58, 16, 37, 58], 0.0019059720457433292), 38382: ([60, 60], 0.0006353240152477764), 38383: ([66, 177], 0.008658008658008658), 38386: ([11, 29, 47, 11, 29, 47], 0.0019059720457433292), 38394: ([17, 41, 65, 17, 41, 65], 0.0019059720457433292), 38406: ([23, 51, 79, 23, 51, 79], 0.0019059720457433292), 38411: ([16, 37, 58], 0.046153846153846156), 38412: ([126], 0.0028653295128939827), 38421: ([18, 41, 64], 0.04225352112676056), 38426: ([21, 47, 73], 0.0375), 38427: ([44, 112], 0.004651162790697674), 38433: ([29], 0.005952380952380952), 38434: ([18, 18], 0.0006353240152477764), 38437: ([36, 112], 0.011494252873563218), 38440: ([21, 49, 77, 21, 49, 77], 0.0019059720457433292), 38442: ([13, 31, 49, 13, 31, 49], 0.0019059720457433292), 38446: ([172, 172], 0.0006353240152477764), 38448: ([16, 37, 58, 16, 37, 58], 0.0019059720457433292), 38454: ([10, 41], 0.011363636363636364), 38455: ([25, 50, 69, 135, 25, 50, 69, 135], 0.0025412960609911056), 38461: ([30, 58, 75], 0.02857142857142857), 38464: ([90, 90], 0.0006353240152477764), 38465: ([42], 0.010752688172043012), 38467: ([34, 67, 34, 67], 0.0012706480304955528), 38470: ([13, 31, 49, 13, 31, 49], 0.0019059720457433292), 38475: ([9, 25, 41, 9, 25, 41], 0.0019059720457433292), 38478: ([42, 42], 0.0006353240152477764), 38484: ([16, 37, 58, 16, 37, 58], 0.0019059720457433292), 38488: ([16, 35, 101, 154], 0.02040816326530612), 38495: ([12, 29, 46, 12, 29, 46], 0.0019059720457433292), 38496: ([91, 130, 150], 0.013824884792626729), 38497: ([25, 25], 0.0006353240152477764), 38498: ([105, 121], 0.00975609756097561), 38500: ([13, 33, 53], 0.04411764705882353), 38508: ([25], 0.005405405405405406), 38511: ([37, 54], 0.008368200836820083), 38516: ([22, 77, 97], 0.013636363636363636), 38517: ([32, 163, 32, 163], 0.0012706480304955528), 38519: ([38, 47, 38, 47], 0.0012706480304955528), 38522: ([57, 101, 128, 57, 101, 128], 0.0019059720457433292), 38524: ([15, 37, 59, 15, 37, 59], 0.0019059720457433292), 38528: ([80, 122], 0.008620689655172414), 38529: ([68, 98], 0.010101010101010102), 38536: ([94, 120], 0.0106951871657754), 38538: ([14, 33, 52], 0.043478260869565216), 38541: ([111], 0.005), 38544: ([18, 41, 64], 0.04225352112676056), 38547: ([53, 66, 126], 0.01507537688442211), 38555: ([13, 31, 49], 0.05357142857142857), 38559: ([37, 70, 97, 106], 0.0213903743315508), 38561: ([82, 153], 0.009433962264150943), 38563: ([14, 35, 56], 0.047619047619047616), 38565: ([39], 0.005376344086021506), 38574: ([14, 35, 56], 0.047619047619047616), 38575: ([17, 39, 61], 0.03896103896103896), 38576: ([80, 151], 0.009389671361502348), 38579: ([21, 47, 73], 0.0375), 38580: ([106], 0.005263157894736842), 38583: ([33], 0.015873015873015872), 38585: ([54, 90, 118], 0.013215859030837005), 38586: ([93], 0.005988023952095809), 38588: ([44, 115, 126], 0.014705882352941176), 38590: ([44], 0.005434782608695652), 38593: ([39, 129], 0.009174311926605505), 38594: ([16, 37, 58], 0.046153846153846156), 38595: ([29, 97], 0.005571030640668524), 38611: ([25, 51, 65], 0.04411764705882353), 38625: ([24, 49, 62], 0.038461538461538464), 38639: ([58], 0.005319148936170213), 38682: ([121], 0.006493506493506494)}"
quadratic,"{14833: ([469], 0.0006747638326585695), 15704: ([8], 0.014705882352941176), 16043: ([26], 0.017241379310344827), 17255: ([10], 0.017857142857142856), 20713: ([124], 0.0031645569620253164), 21447: ([704], 0.000574052812858783), 22757: ([46], 0.003968253968253968), 24074: ([52], 0.0016339869281045752), 26549: ([362], 0.0009861932938856016), 26768: ([171], 0.0024449877750611247), 27265: ([19], 0.002777777777777778), 27904: ([61], 0.005376344086021506), 30587: ([9], 0.015384615384615385), 30714: ([358, 362, 440], 0.0030425963488843813), 32057: ([24], 0.0038314176245210726), 32423: ([77], 0.0018484288354898336), 33638: ([276], 0.0012804097311139564), 34305: ([1209, 2182], 0.000384172109104879), 34994: ([22], 0.034482758620689655), 35069: ([0, 25], 0.009259259259259259), 35345: ([191], 0.0018796992481203006), 37258: ([501], 0.00035435861091424523), 37598: ([377, 380], 0.0032258064516129032)}"
qualify,"{14621: ([1564], 0.0005037783375314861), 24876: ([1400], 0.0005491488193300384), 28574: ([1446], 0.0005356186395286556), 35594: ([11], 0.027777777777777776)}"
quasiconvex,"{14833: ([371, 379, 1115], 0.0020242914979757085), 15178: ([35, 40, 174], 0.011235955056179775), 18381: ([81, 89, 263], 0.010101010101010102), 19384: ([124, 740], 0.0013764624913971094), 20536: ([37, 42, 156], 0.015463917525773196), 22224: ([40, 137], 0.012578616352201259), 22837: ([41], 0.0058823529411764705), 23060: ([722, 727], 0.0017452006980802793), 24133: ([36, 521], 0.001755926251097454), 29643: ([544, 552, 2101], 0.0009369144284821987), 32964: ([133, 388], 0.004514672686230248), 34305: ([943, 951, 3415], 0.0005762581636573184), 35345: ([154], 0.0018796992481203006), 35752: ([0], 0.004651162790697674), 36982: ([30, 125], 0.013157894736842105), 37183: ([33, 160], 0.00819672131147541), 37423: ([59], 0.00684931506849315), 37634: ([56, 61, 187], 0.015151515151515152)}"
queerness,"{14696: ([55, 144], 0.008547008547008548), 18750: ([1474], 0.00048355899419729207), 25150: ([9, 45], 0.03076923076923077), 33541: ([12, 48], 0.03076923076923077), 35272: ([55, 144], 0.008547008547008548), 36259: ([12, 48], 0.03076923076923077), 36293: ([1474], 0.00048355899419729207), 37963: ([9, 29, 49], 0.041666666666666664), 38002: ([58, 58], 0.0006353240152477764), 38090: ([6, 26, 46, 6, 26, 46], 0.0019059720457433292), 38182: ([114], 0.004901960784313725), 38192: ([4, 17, 30, 4, 17, 30], 0.0019059720457433292), 38432: ([37], 0.0049261083743842365), 38450: ([11, 100], 0.013157894736842105), 38455: ([79, 79], 0.0006353240152477764), 38488: ([45], 0.00510204081632653), 38536: ([55], 0.0053475935828877)}"
queue,"{14719: ([47, 50], 0.025), 14857: ([1890, 2008, 2100], 0.0012479201331114808), 16976: ([5], 0.030303030303030304), 19172: ([129, 180], 0.007434944237918215), 20093: ([18], 0.010869565217391304), 21114: ([296], 0.0017094017094017094), 22190: ([136, 168], 0.011834319526627219), 23076: ([368, 560, 606], 0.004207573632538569), 24312: ([180, 273, 275, 281, 283, 287, 401, 402, 407, 440, 445, 451, 457, 463, 469, 475, 626, 631, 637, 643, 649, 655, 935, 936, 939, 943, 945, 946, 973, 977, 979, 1424, 1427, 1430, 1431, 1465, 1467, 1686, 1694, 1697, 1699, 1702, 1726, 1728, 1729, 1730, 1739, 1746, 1753, 1759, 1766, 1772, 1778, 1784, 1805, 1810, 1816, 1822, 1853, 1855, 1857, 1862, 1863, 1870, 1871, 1893, 1900, 1907, 1913, 1920, 1926, 1932, 1938, 1983, 2009, 2011], 0.036276849642004776), 24396: ([10], 0.045454545454545456), 24492: ([213, 215], 0.007662835249042145), 25846: ([128, 179], 0.007194244604316547), 26309: ([177], 0.0051813471502590676), 27408: ([126, 336], 0.005698005698005698), 28545: ([32], 0.005813953488372093), 28550: ([766], 0.000835421888053467), 28637: ([40], 0.011627906976744186), 29444: ([99, 223, 229, 246, 260, 274, 297, 316, 328, 351, 366, 468, 477, 478, 497, 498, 512, 513, 527, 528, 542, 543, 557, 558, 572, 573], 0.035278154681139755), 29752: ([60, 62, 68, 91], 0.03636363636363636), 30574: ([19, 21, 30], 0.057692307692307696), 30944: ([91, 267], 0.006896551724137931), 31567: ([211], 0.001763668430335097), 33302: ([15], 0.03225806451612903), 33430: ([20], 0.038461538461538464), 37471: ([0, 2, 18, 21, 22, 23], 0.24), 37475: ([29, 34, 36, 37, 39, 46, 76, 78, 82, 83, 86, 90, 93, 94, 96, 98, 99, 111, 113, 115, 116, 120, 184], 0.08156028368794327)}"
queues,"{14719: ([37, 46], 0.025), 14857: ([1784], 0.00041597337770382697), 15668: ([3], 0.125), 16953: ([46, 56, 65], 0.02727272727272727), 18730: ([158], 0.006097560975609756), 19172: ([184], 0.0037174721189591076), 22190: ([107, 118], 0.011834319526627219), 23751: ([65], 0.009433962264150943), 25680: ([116, 326, 536, 744], 0.004597701149425287), 25846: ([183], 0.0035971223021582736), 28613: ([24, 29], 0.047619047619047616), 33767: ([41], 0.018867924528301886)}"
qwerty,"{14703: ([9, 14], 0.01694915254237288)}"
qlength,"{14857: ([1876, 1882, 1963, 2152], 0.0016638935108153079)}"
qq,"{14890: ([73, 82], 0.023255813953488372), 15832: ([203, 208, 220, 229], 0.017167381974248927), 15946: ([25, 30, 78, 87], 0.037037037037037035), 16498: ([93, 102], 0.018691588785046728), 16628: ([5, 10, 37, 46], 0.08), 16771: ([11], 0.010638297872340425), 18359: ([57, 62, 74, 83], 0.04597701149425287), 18410: ([128, 140, 149], 0.0196078431372549), 18441: ([85, 94], 0.009345794392523364), 23931: ([50, 59], 0.021052631578947368), 24049: ([11, 20, 29], 0.09090909090909091), 24374: ([95, 100, 112, 121], 0.032), 24917: ([5, 10, 37, 46], 0.08), 27312: ([59, 64, 76, 85], 0.0449438202247191), 27826: ([48, 57], 0.03278688524590164), 28404: ([111, 123, 132], 0.022058823529411766), 28446: ([67, 72, 84, 93], 0.041237113402061855), 28809: ([113], 0.007352941176470588), 29701: ([451], 0.002197802197802198), 29768: ([44, 49, 61, 70], 0.05405405405405406), 29863: ([5, 10, 37, 46], 0.08), 30935: ([98, 107], 0.013793103448275862), 31116: ([5, 10, 37, 46], 0.08), 32250: ([42, 51], 0.031746031746031744), 32978: ([85, 94], 0.02040816326530612), 34326: ([33, 42], 0.043478260869565216), 34411: ([11, 61, 70], 0.04054054054054054), 35016: ([34, 43], 0.0425531914893617), 36681: ([22, 31], 0.05263157894736842), 36980: ([161, 170], 0.011494252873563218)}"
qq3,"{14890: ([42], 0.011627906976744186), 16628: ([25], 0.02), 23832: ([27], 0.02), 24917: ([25], 0.02), 29863: ([25], 0.02), 31116: ([25], 0.02)}"
quadcopter,"{15231: ([1429], 0.00026888948642108095), 15269: ([2604], 0.00013910140492418973), 16084: ([1068], 0.00024396194193705782), 16603: ([1614], 0.00015306903413439462), 18665: ([1639], 0.0001719986240110079), 20041: ([1168], 0.00022815423226100844), 20701: ([1424], 0.00026954177897574127), 21644: ([1435], 0.00026295030239284776), 24644: ([2586], 0.00013945056477478735), 25580: ([2604], 0.00013910140492418973), 26686: ([1425], 0.00030330603579011223), 27125: ([1416], 0.00025673940949935817), 29267: ([1790], 0.0001751006828926633), 32006: ([1925], 0.00018656716417910448), 32151: ([1429], 0.00026888948642108095), 37174: ([981], 0.00028843380444188056)}"
quadrangulations,"{15042: ([23], 0.01818181818181818)}"
quadrocopter,"{15231: ([1421], 0.00026888948642108095), 15269: ([2598], 0.00013910140492418973), 16084: ([1058], 0.00024396194193705782), 16603: ([1608], 0.00015306903413439462), 18665: ([1633], 0.0001719986240110079), 20041: ([1162], 0.00022815423226100844), 20701: ([1419], 0.00026954177897574127), 21644: ([1425], 0.00026295030239284776), 22213: ([2559], 0.00014058765640376775), 24644: ([2580], 0.00013945056477478735), 25580: ([2598], 0.00013910140492418973), 26686: ([1419], 0.00030330603579011223), 27125: ([1406], 0.00025673940949935817), 29267: ([1784], 0.0001751006828926633), 32006: ([1919], 0.00018656716417910448), 32151: ([1421], 0.00026888948642108095), 37174: ([975], 0.00028843380444188056)}"
quantum,"{15134: ([9], 0.030303030303030304), 15948: ([2], 0.03571428571428571), 17248: ([9, 77, 97, 223, 262, 272], 0.018808777429467086), 17560: ([0], 0.037037037037037035), 18541: ([1], 0.029411764705882353), 20037: ([4], 0.023809523809523808), 20958: ([3], 0.034482758620689655), 21966: ([52], 0.017857142857142856), 24914: ([56], 0.012658227848101266), 26615: ([8], 0.043478260869565216), 27595: ([7], 0.021739130434782608), 27769: ([1], 0.023255813953488372), 28138: ([1], 0.034482758620689655), 32694: ([3], 0.029411764705882353), 32696: ([12], 0.023809523809523808), 32840: ([9], 0.030303030303030304), 33422: ([5], 0.038461538461538464), 35029: ([2], 0.03571428571428571), 36458: ([56], 0.012658227848101266)}"
quarantine,"{15231: ([909], 0.00026888948642108095), 15269: ([1640], 0.00013910140492418973), 16084: ([713], 0.00024396194193705782), 16603: ([1157], 0.00015306903413439462), 18665: ([1230], 0.0001719986240110079), 20041: ([752], 0.00022815423226100844), 20701: ([909], 0.00026954177897574127), 21644: ([913], 0.00026295030239284776), 22213: ([1601], 0.00014058765640376775), 23647: ([573], 0.000368052999631947), 24644: ([1622], 0.00013945056477478735), 25580: ([1640], 0.00013910140492418973), 26686: ([909], 0.00030330603579011223), 27125: ([902], 0.00025673940949935817), 29267: ([1716], 0.0001751006828926633), 29438: ([909], 0.00032690421706440013), 32006: ([1553], 0.00018656716417910448), 32151: ([909], 0.00026888948642108095), 32787: ([564], 0.00036886757654002215), 33154: ([909], 0.00031938677738741617), 34716: ([822], 0.00029507229271171436), 37174: ([712], 0.00028843380444188056)}"
queens,"{15231: ([561], 0.00026888948642108095), 15269: ([1718], 0.00013910140492418973), 16084: ([608], 0.00024396194193705782), 16603: ([948], 0.00015306903413439462), 18665: ([1051], 0.0001719986240110079), 20041: ([635], 0.00022815423226100844), 20701: ([561], 0.00026954177897574127), 21644: ([565], 0.00026295030239284776), 22213: ([1679], 0.00014058765640376775), 23647: ([495], 0.000368052999631947), 24115: ([207, 207], 0.0004616805170821791), 24644: ([1700], 0.00013945056477478735), 25580: ([1718], 0.00013910140492418973), 26686: ([561], 0.00030330603579011223), 27125: ([558], 0.00025673940949935817), 29267: ([1568], 0.0001751006828926633), 29438: ([561], 0.00032690421706440013), 32006: ([1146], 0.00018656716417910448), 32151: ([561], 0.00026888948642108095), 32787: ([474], 0.00036886757654002215), 33154: ([561], 0.00031938677738741617), 34716: ([586], 0.00029507229271171436), 37174: ([618], 0.00028843380444188056)}"
queryengine,"{15009: ([26, 28, 30, 32, 34], 0.05555555555555555), 16409: ([178, 181, 183], 0.01171875), 17977: ([136, 139, 160, 165], 0.01652892561983471), 18170: ([34, 36, 38], 0.039473684210526314), 18621: ([17], 0.023255813953488372), 19014: ([60], 0.010869565217391304), 21217: ([24], 0.02), 22158: ([21, 31, 61, 104, 109, 124, 125], 0.05555555555555555), 24266: ([52], 0.009174311926605505), 26354: ([30], 0.0125), 26653: ([28, 30], 0.02666666666666667), 27364: ([24], 0.01694915254237288), 27868: ([22, 23, 24, 25, 30, 31, 44, 45, 56, 57], 0.12345679012345678), 28217: ([17], 0.022222222222222223), 31388: ([22, 24], 0.03571428571428571), 32708: ([42], 0.0136986301369863), 36498: ([30], 0.017543859649122806), 36988: ([56, 57, 60], 0.03488372093023256)}"
querynode,"{15009: ([18, 20, 22, 24], 0.044444444444444446), 16409: ([64, 70, 82, 84, 85], 0.01953125), 16769: ([67, 167, 238], 0.01171875), 17489: ([17, 19], 0.0425531914893617), 19825: ([39], 0.00819672131147541), 21739: ([19], 0.022222222222222223), 22401: ([18, 32, 79, 126, 135, 157, 158], 0.0440251572327044), 23590: ([34, 36], 0.03076923076923077), 24266: ([54], 0.009174311926605505), 26354: ([28], 0.0125), 27364: ([26], 0.01694915254237288), 27868: ([46, 47], 0.024691358024691357), 32980: ([19, 21], 0.03773584905660377), 36498: ([31], 0.017543859649122806), 36988: ([58, 59, 65], 0.03488372093023256)}"
queuing,"{15049: ([18], 0.027777777777777776), 19249: ([38], 0.010416666666666666), 28520: ([6], 0.09090909090909091), 33669: ([22], 0.02702702702702703)}"
quidditch,"{15190: ([0, 31, 34], 0.08108108108108109), 15555: ([0, 32, 35], 0.07894736842105263), 32949: ([0, 47, 50], 0.05660377358490566)}"
quietly,"{15231: ([3679], 0.00026888948642108095), 20701: ([3670], 0.00026954177897574127), 21644: ([3763], 0.00026295030239284776), 26686: ([3144], 0.00030330603579011223), 27125: ([3831], 0.00025673940949935817), 29438: ([2906], 0.00032690421706440013), 32151: ([3679], 0.00026888948642108095), 33154: ([2978], 0.00031938677738741617), 34444: ([233], 0.0012121212121212121), 34716: ([2706], 0.00029507229271171436)}"
quinn,"{15054: ([2, 37, 40], 0.07317073170731707), 15630: ([0, 29, 30], 0.0967741935483871), 20515: ([0, 34, 36], 0.07894736842105263), 20934: ([0, 37, 38], 0.07692307692307693), 20936: ([0, 34, 38], 0.07142857142857142), 23632: ([1, 37, 41], 0.06818181818181818), 24377: ([2, 44, 47], 0.0625), 25444: ([0, 29, 35], 0.07317073170731707), 25885: ([0, 31, 32], 0.09090909090909091), 26150: ([2, 34, 37], 0.07894736842105263), 28299: ([0, 31, 32], 0.09090909090909091), 32973: ([6, 41, 48], 0.061224489795918366), 35339: ([2, 37, 40], 0.07317073170731707), 36621: ([3, 35, 39], 0.075), 36794: ([0, 34, 36], 0.07894736842105263)}"
quizes,"{14915: ([78], 0.009345794392523364), 15832: ([60], 0.004291845493562232), 19770: ([55, 81], 0.01818181818181818), 20273: ([33], 0.018518518518518517), 21810: ([15], 0.041666666666666664), 24076: ([3], 0.011764705882352941), 25680: ([51, 261, 471, 679], 0.004597701149425287), 28065: ([3], 0.011627906976744186), 29095: ([14], 0.03333333333333333), 30133: ([3], 0.021739130434782608), 34807: ([91], 0.00847457627118644)}"
quasicrystals,"{15347: ([22], 0.04), 17788: ([38], 0.024390243902439025), 30196: ([16], 0.05263157894736842), 31268: ([53], 0.017857142857142856), 32388: ([15], 0.05555555555555555)}"
quotations,"{15582: ([0], 0.037037037037037035), 23444: ([20, 20], 0.00041076196344218524), 31683: ([23, 54, 57], 0.0011627906976744186), 32293: ([20], 0.012195121951219513)}"
qualities,"{15912: ([24], 0.019230769230769232), 18045: ([5, 8, 11], 0.15), 20889: ([44], 0.011764705882352941), 26627: ([16], 0.03225806451612903), 30623: ([23, 95, 120], 0.01775147928994083), 37297: ([24], 0.019230769230769232)}"
quantifiable,"{15908: ([20], 0.0045871559633027525)}"
queensland,"{16020: ([297], 0.0014705882352941176), 35653: ([13, 37], 0.017241379310344827)}"
queuedequeue,"{15807: ([71, 76, 81, 86], 0.020618556701030927), 18435: ([60, 65, 70, 75], 0.02197802197802198)}"
queueempty,"{15807: ([73, 78, 83, 88], 0.020618556701030927), 18435: ([62, 67, 72, 77], 0.02197802197802198)}"
queueenqueue,"{15807: ([70, 75, 80, 85], 0.020618556701030927), 18435: ([59, 64, 69, 74], 0.02197802197802198)}"
queuefront,"{15807: ([72, 77, 82, 87], 0.020618556701030927), 18435: ([61, 66, 71, 76], 0.02197802197802198)}"
quinnipiac,"{15879: ([302], 0.0027624309392265192)}"
qbis,"{16322: ([1297], 0.0002581977794990963)}"
qqq,"{16280: ([16], 0.007352941176470588), 23832: ([3], 0.02)}"
quad,"{16275: ([0, 5, 10], 0.2), 19384: ([192], 0.0006882312456985547), 26549: ([96], 0.0009861932938856016), 26642: ([19], 0.015625), 26771: ([9], 0.021739130434782608), 27572: ([182], 0.0016), 29643: ([747], 0.0003123048094940662), 30055: ([0, 8, 16], 0.125), 31761: ([2, 32, 35], 0.08333333333333333), 31855: ([9], 0.021739130434782608), 32057: ([49], 0.0038314176245210726), 32964: ([165], 0.002257336343115124), 34305: ([1243], 0.0001920860545524395)}"
qualcomm,"{16147: ([27], 0.013888888888888888), 18750: ([133], 0.00048355899419729207), 30358: ([3, 35], 0.044444444444444446), 31186: ([3, 35], 0.044444444444444446), 36293: ([133], 0.00048355899419729207)}"
quinta,"{16216: ([13], 0.014285714285714285), 17521: ([23, 91], 0.02127659574468085)}"
qq1,"{16628: ([19], 0.02), 23832: ([21], 0.02), 24917: ([19], 0.02), 29863: ([19], 0.02), 31116: ([19], 0.02), 34398: ([289], 0.0015267175572519084)}"
qq2,"{16628: ([22], 0.02), 23832: ([24], 0.02), 24917: ([22], 0.02), 29863: ([22], 0.02), 31116: ([22], 0.02)}"
qq4,"{16628: ([28], 0.02), 23832: ([30], 0.02), 24917: ([28], 0.02), 29863: ([28], 0.02), 31116: ([28], 0.02)}"
qq5,"{16628: ([31], 0.02), 23832: ([33], 0.02), 24917: ([31], 0.02), 29863: ([31], 0.02), 31116: ([31], 0.02)}"
qua,"{16479: ([524, 588, 674], 0.0031413612565445027)}"
quadrature,"{16611: ([1, 31, 33], 0.08823529411764706)}"
quadtrees,"{16764: ([23], 0.00625), 18537: ([7], 0.005154639175257732), 20011: ([12], 0.03571428571428571), 21130: ([20, 32, 65], 0.01935483870967742), 21418: ([43], 0.004424778761061947), 21890: ([35], 0.007462686567164179), 22015: ([71], 0.003816793893129771), 22051: ([21], 0.011494252873563218), 22790: ([39], 0.003484320557491289), 22860: ([240], 0.0012062726176115801), 23060: ([54, 660], 0.0017452006980802793), 23900: ([100], 0.003703703703703704), 24345: ([11, 94], 0.006191950464396285), 24918: ([82], 0.001002004008016032), 24931: ([11], 0.008771929824561403), 25823: ([57], 0.007633587786259542), 26736: ([143], 0.0010964912280701754), 27615: ([3], 0.03125), 28311: ([0, 8, 12], 0.23076923076923078), 29643: ([230, 392], 0.0006246096189881324), 29853: ([5, 9, 13, 16], 0.23529411764705882), 29871: ([11], 0.0022727272727272726), 30674: ([36], 0.02127659574468085), 31680: ([60, 119], 0.004329004329004329), 32360: ([3], 0.05555555555555555), 32964: ([68], 0.002257336343115124), 34305: ([411, 689], 0.000384172109104879), 36536: ([7], 0.02564102564102564), 37258: ([243], 0.00035435861091424523)}"
quantifying,"{16603: ([3102], 0.00015306903413439462), 37313: ([0], 0.06666666666666667), 38285: ([12, 36, 60], 0.041666666666666664), 38352: ([13], 0.005494505494505495), 38461: ([53], 0.009523809523809525)}"
questionanswer,"{16447: ([835, 2092, 3124, 3940, 5618], 0.000876885303402315)}"
questions,"{16447: ([1062, 2319, 3351, 4167, 4851], 0.000876885303402315), 16484: ([67], 0.01), 16498: ([83], 0.009345794392523364), 16603: ([4246, 4271, 5804, 5935, 5957, 6007, 6209], 0.0010714832389407624), 16628: ([12], 0.02), 16651: ([18, 21, 24], 0.12), 16654: ([4], 0.05555555555555555), 16683: ([2], 0.02631578947368421), 16771: ([13], 0.010638297872340425), 16783: ([60, 931], 0.0018552875695732839), 17134: ([14], 0.0196078431372549), 17246: ([67], 0.010526315789473684), 17409: ([17, 20, 22], 0.030927835051546393), 17447: ([18], 0.00980392156862745), 17466: ([2], 0.07142857142857142), 17504: ([13], 0.012658227848101266), 17697: ([15], 0.009900990099009901), 17819: ([62], 0.012658227848101266), 17835: ([13], 0.011235955056179775), 17904: ([8], 0.07692307692307693), 17995: ([15], 0.010101010101010102), 18228: ([124], 0.0014265335235378032), 18359: ([64], 0.011494252873563218), 18410: ([130], 0.006535947712418301), 18441: ([31], 0.004672897196261682), 18517: ([78], 0.007936507936507936), 18524: ([960], 0.0005373455131649651), 18612: ([15], 0.011363636363636364), 18665: ([4022, 4047, 5157, 5288, 5310, 5360, 5557], 0.0012039903680770554), 18695: ([15], 0.008547008547008548), 18698: ([15], 0.010101010101010102), 18761: ([16, 24, 32], 0.09090909090909091), 19038: ([27], 0.005747126436781609), 19078: ([13], 0.010869565217391304), 19084: ([887], 0.001091703056768559), 19149: ([103, 146], 0.011764705882352941), 19222: ([13], 0.010638297872340425), 19285: ([101], 0.007042253521126761), 19304: ([22], 0.02857142857142857), 19319: ([46, 56], 0.012422360248447204), 19361: ([18], 0.01), 19441: ([101], 0.007042253521126761), 19472: ([122], 0.006060606060606061), 19513: ([23], 0.009615384615384616), 19540: ([13], 0.010638297872340425), 19551: ([53], 0.011363636363636364), 19716: ([8], 0.003115264797507788), 19727: ([80], 0.008620689655172414), 19913: ([11, 18, 29, 37], 0.031007751937984496), 19981: ([8, 17, 26], 0.1111111111111111), 20041: ([3558, 3583], 0.0004563084645220169), 20087: ([15], 0.011363636363636364), 20137: ([5, 11, 17], 0.16666666666666666), 20168: ([183, 331, 1268, 1850], 0.0018475750577367205), 20190: ([78], 0.007936507936507936), 20269: ([0, 86, 96, 105, 113, 237, 354, 469, 581, 586], 0.017035775127768313), 20339: ([7, 15, 23], 0.125), 20378: ([150, 150], 0.00045034902049088043), 20400: ([9], 0.045454545454545456), 20473: ([4], 0.03225806451612903), 20524: ([31], 0.0045045045045045045), 20589: ([30, 221], 0.00823045267489712), 20701: ([1955], 0.00026954177897574127), 20879: ([18], 0.01), 20882: ([27], 0.005747126436781609), 21068: ([8, 11], 0.029850746268656716), 21075: ([287], 0.0018050541516245488), 21290: ([5, 11, 17], 0.16666666666666666), 21307: ([18], 0.00980392156862745), 21361: ([39], 0.0125), 21409: ([18], 0.011363636363636364), 21431: ([49, 65], 0.0032310177705977385), 21562: ([67], 0.01), 21628: ([123, 141], 0.0072992700729927005), 21644: ([1971], 0.00026295030239284776), 21808: ([68, 1000, 1026], 0.0025575447570332483), 21918: ([15], 0.01020408163265306), 22169: ([166, 394, 1292, 1883], 0.00186219739292365), 22196: ([123], 0.007042253521126761), 22213: ([2186, 2316, 3923, 3944, 4115, 4134, 4388, 4413, 5701, 5774, 5841, 5863, 5913, 6031, 6079, 6151, 6228, 6278, 6355, 6430, 6483, 6579, 6702, 6879], 0.003374103753690426), 22310: ([17], 0.011494252873563218), 22341: ([6, 13, 20], 0.14285714285714285), 22366: ([211], 0.004484304932735426), 22387: ([8], 0.020833333333333332), 22503: ([78, 91], 0.01904761904761905), 22512: ([13], 0.010869565217391304), 22694: ([29], 0.00847457627118644), 22794: ([2, 7], 0.07407407407407407), 22908: ([137], 0.005555555555555556), 22952: ([15], 0.011111111111111112), 22975: ([4], 0.05), 22976: ([166, 385, 1262, 1853], 0.0018885741265344666), 22984: ([67], 0.01), 22987: ([15], 0.010638297872340425), 23298: ([14], 0.013333333333333334), 23363: ([66], 0.012048192771084338), 23434: ([10], 0.020833333333333332), 23502: ([19], 0.038461538461538464), 23627: ([47], 0.005747126436781609), 23647: ([1596, 1621], 0.000736105999263894), 23754: ([18], 0.01), 23755: ([47, 75, 102], 0.022556390977443608), 23832: ([14], 0.02), 23873: ([13], 0.011904761904761904), 23931: ([20, 67, 79, 84, 89, 94], 0.06315789473684211), 24025: ([15], 0.010101010101010102), 24097: ([23], 0.009523809523809525), 24115: ([95, 95], 0.0004616805170821791), 24187: ([21, 24], 0.06060606060606061), 24235: ([14, 29, 44, 59, 83, 95, 104, 120, 135, 157, 177, 197, 209], 0.043333333333333335), 24271: ([149], 0.0051813471502590676), 24374: ([102], 0.008), 24469: ([13], 0.01282051282051282), 24557: ([66], 0.00980392156862745), 24602: ([14], 0.013333333333333334), 24622: ([62], 0.012658227848101266), 24635: ([7, 27, 35], 0.08333333333333333), 24644: ([2207, 2337, 3980, 4001, 4172, 4191, 4445, 4470, 5758, 5831, 5898, 5920, 5970, 6088, 6136, 6208, 6285, 6335, 6412, 6487, 6540, 6636, 6759, 6936], 0.003346813554594896), 24668: ([15], 0.014285714285714285), 24670: ([30, 221], 0.00823045267489712), 24702: ([29], 0.0078125), 24786: ([15], 0.0125), 24790: ([15, 56], 0.028169014084507043), 24799: ([139], 0.006329113924050633), 24816: ([16], 0.030303030303030304), 24876: ([790], 0.0005491488193300384), 24904: ([4], 0.043478260869565216), 24917: ([12], 0.02), 24976: ([18], 0.011235955056179775), 25102: ([89, 150, 156, 158, 179, 181], 0.022058823529411766), 25105: ([30], 0.014084507042253521), 25235: ([67], 0.010309278350515464), 25240: ([15], 0.011764705882352941), 25291: ([15], 0.011764705882352941), 25344: ([2, 19, 24], 0.08333333333333333), 25352: ([67], 0.009345794392523364), 25390: ([13], 0.010869565217391304), 25435: ([67], 0.011764705882352941), 25503: ([13], 0.01020408163265306), 25517: ([70, 86, 116, 132, 164, 178, 182, 195], 0.0273972602739726), 25521: ([68], 0.014084507042253521), 25557: ([6, 13, 20], 0.14285714285714285), 25580: ([2225, 2355, 3998, 4019, 4190, 4209, 4463, 4488, 5776, 5849, 5916, 5938, 5988, 6106, 6154, 6226, 6303, 6353, 6430, 6505, 6558, 6654, 6777, 6954], 0.0033384337181805537), 25607: ([15], 0.012987012987012988), 25615: ([6, 13, 20], 0.14285714285714285), 25618: ([13], 0.013333333333333334), 25870: ([15], 0.01020408163265306), 25972: ([50, 84], 0.015748031496062992), 26158: ([6], 0.06666666666666667), 26167: ([18], 0.011363636363636364), 26188: ([23], 0.009523809523809525), 26216: ([13], 0.011235955056179775), 26292: ([47], 0.014705882352941176), 26373: ([15], 0.009523809523809525), 26460: ([23], 0.010101010101010102), 26544: ([16], 0.043478260869565216), 26663: ([92], 0.0045871559633027525), 26723: ([11], 0.009174311926605505), 26758: ([3, 87, 91], 0.03260869565217391), 26768: ([98], 0.0024449877750611247), 26853: ([42], 0.006993006993006993), 27125: ([1947, 2076], 0.0005134788189987163), 27143: ([5, 9, 13], 0.21428571428571427), 27148: ([193, 193], 0.00037943464238284955), 27183: ([18], 0.011111111111111112), 27266: ([19], 0.008849557522123894), 27268: ([13], 0.011904761904761904), 27312: ([66], 0.011235955056179775), 27332: ([44], 0.019230769230769232), 27343: ([178], 0.0053475935828877), 27647: ([27], 0.004975124378109453), 27663: ([7, 26, 34], 0.08571428571428572), 27777: ([14, 53], 0.03076923076923077), 27826: ([38], 0.01639344262295082), 27878: ([13], 0.041666666666666664), 27982: ([13], 0.010869565217391304), 28238: ([92], 0.010526315789473684), 28257: ([144], 0.005555555555555556), 28359: ([16], 0.030303030303030304), 28399: ([68], 0.010416666666666666), 28404: ([103, 113], 0.014705882352941176), 28446: ([74], 0.010309278350515464), 28483: ([15], 0.010101010101010102), 28531: ([35, 69, 95], 0.02631578947368421), 28574: ([832], 0.0005356186395286556), 28667: ([18], 0.01), 28748: ([113], 0.007874015748031496), 28796: ([18], 0.009708737864077669), 28809: ([115], 0.007352941176470588), 28855: ([6, 27], 0.037037037037037035), 28949: ([80], 0.008620689655172414), 29013: ([84], 0.008403361344537815), 29182: ([195, 343, 1257, 1839], 0.0018570102135561746), 29219: ([53], 0.007194244604316547), 29267: ([752, 1020, 1587, 1936, 3426, 3617, 3642, 4933, 5006, 5073, 5095, 5145, 5559], 0.0022763088776046225), 29282: ([54, 92, 145], 0.017543859649122806), 29304: ([62], 0.012658227848101266), 29339: ([139], 0.0055248618784530384), 29347: ([15], 0.011363636363636364), 29422: ([31], 0.0045045045045045045), 29427: ([67], 0.009615384615384616), 29442: ([29], 0.00423728813559322), 29477: ([58], 0.014285714285714285), 29701: ([47], 0.002197802197802198), 29755: ([15], 0.010101010101010102), 29768: ([51], 0.013513513513513514), 29826: ([15], 0.009900990099009901), 29863: ([12], 0.02), 29905: ([18], 0.01), 29916: ([71], 0.011111111111111112), 30015: ([35, 62], 0.01834862385321101), 30192: ([139], 0.0055248618784530384), 30219: ([32], 0.008403361344537815), 30348: ([15], 0.009708737864077669), 30403: ([47, 56], 0.028169014084507043), 30533: ([57], 0.015873015873015872), 30705: ([4], 0.047619047619047616), 30720: ([15], 0.01020408163265306), 30935: ([10], 0.006896551724137931), 31007: ([23], 0.009345794392523364), 31041: ([13], 0.011111111111111112), 31042: ([19, 176, 315, 429, 541, 653, 777], 0.008717310087173101), 31097: ([21], 0.0078125), 31116: ([12], 0.02), 31182: ([18], 0.009615384615384616), 31248: ([16], 0.008264462809917356), 31257: ([29], 0.00423728813559322), 31303: ([13], 0.01020408163265306), 31307: ([18], 0.00980392156862745), 31488: ([15], 0.011111111111111112), 31602: ([68], 0.014084507042253521), 31614: ([16, 23, 30], 0.09090909090909091), 31626: ([83], 0.010101010101010102), 31683: ([724, 748], 0.0007751937984496124), 31826: ([6, 13, 20], 0.14285714285714285), 31852: ([15], 0.010869565217391304), 31951: ([6, 13, 20], 0.14285714285714285), 32006: ([3589, 3614, 4665, 4737, 4804, 4826, 4876, 5047], 0.0014925373134328358), 32032: ([59], 0.012195121951219513), 32050: ([14], 0.013333333333333334), 32151: ([1964], 0.00026888948642108095), 32187: ([1, 83, 85], 0.03488372093023256), 32244: ([114], 0.0072992700729927005), 32272: ([105], 0.0070921985815602835), 32322: ([35], 0.007246376811594203), 32528: ([47, 75, 102], 0.022556390977443608), 32550: ([21, 27], 0.030303030303030304), 32787: ([1930, 1955], 0.0007377351530800443), 32903: ([8, 17, 26], 0.1111111111111111), 32948: ([149], 0.0051813471502590676), 32978: ([75], 0.01020408163265306), 33003: ([45], 0.016129032258064516), 33045: ([15], 0.010101010101010102), 33314: ([67], 0.01020408163265306), 33353: ([17], 0.010416666666666666), 33390: ([13], 0.038461538461538464), 33398: ([62], 0.012658227848101266), 33414: ([98], 0.004672897196261682), 33446: ([15], 0.009900990099009901), 33530: ([26, 29], 0.021052631578947368), 33638: ([480], 0.0012804097311139564), 33861: ([116], 0.0035587188612099642), 33940: ([15], 0.011363636363636364), 34015: ([35], 0.0064516129032258064), 34034: ([66], 0.012048192771084338), 34305: ([1511], 0.0001920860545524395), 34326: ([24], 0.021739130434782608), 34337: ([15], 0.009708737864077669), 34398: ([50, 113, 294, 389, 449, 555, 641], 0.010687022900763359), 34411: ([13], 0.013513513513513514), 34428: ([33], 0.019230769230769232), 34498: ([49], 0.0049504950495049506), 34550: ([4], 0.015151515151515152), 34789: ([3, 36, 40], 0.07317073170731707), 34825: ([6, 31], 0.037037037037037035), 34913: ([68], 0.014084507042253521), 34994: ([25], 0.034482758620689655), 35148: ([7], 0.02702702702702703), 35378: ([4], 0.05555555555555555), 35419: ([35, 39], 0.021052631578947368), 35539: ([67], 0.004310344827586207), 35544: ([155, 358], 0.00423728813559322), 35594: ([0, 34, 35], 0.08333333333333333), 35798: ([17], 0.011111111111111112), 35817: ([23], 0.009345794392523364), 35831: ([126], 0.007246376811594203), 35873: ([16, 24, 32], 0.09090909090909091), 35948: ([9], 0.015873015873015872), 35986: ([15], 0.0136986301369863), 36107: ([44], 0.006896551724137931), 36468: ([15], 0.012048192771084338), 36561: ([0, 10, 11], 0.25), 36578: ([17], 0.011494252873563218), 36624: ([19], 0.008928571428571428), 36668: ([11], 0.025), 36712: ([98], 0.004132231404958678), 36743: ([16, 24, 32], 0.09090909090909091), 36757: ([122], 0.006060606060606061), 36807: ([14], 0.013333333333333334), 36943: ([293], 0.0027472527472527475), 36980: ([151], 0.005747126436781609), 37109: ([229], 0.003937007874015748), 37174: ([2463, 2488], 0.0005768676088837611), 37207: ([7, 15, 23], 0.125), 37343: ([137], 0.005555555555555556), 37415: ([15], 0.010101010101010102), 37568: ([54, 92, 145], 0.017543859649122806), 37757: ([6, 13, 20], 0.14285714285714285), 37817: ([6, 13, 20], 0.14285714285714285), 37937: ([12, 37, 62], 0.03488372093023256), 38561: ([102], 0.0047169811320754715), 38588: ([64], 0.004901960784313725)}"
quicksands,"{16676: ([672], 0.0007861635220125787)}"
quite,"{16676: ([186], 0.0007861635220125787), 17799: ([215], 0.0008968609865470852), 18197: ([73, 822], 0.0013351134846461949), 20743: ([68], 0.0048543689320388345), 25741: ([322, 745, 1595, 2018], 0.0015420200462606013), 26861: ([160], 0.0012376237623762376), 27108: ([76], 0.01), 27337: ([443], 0.0022471910112359553), 27660: ([490], 0.0011933174224343676), 30788: ([124], 0.005263157894736842), 31683: ([649], 0.0003875968992248062), 33557: ([216], 0.001379310344827586)}"
quot,"{16479: ([819], 0.0010471204188481676)}"
quynhtram,"{16498: ([0, 79], 0.018691588785046728), 31153: ([51], 0.01639344262295082)}"
qwiik66,"{16819: ([0, 31, 32], 0.09090909090909091)}"
qosaware,"{16859: ([34], 0.0028328611898017), 22816: ([18], 0.008), 33286: ([34], 0.0028328611898017)}"
quadtree,"{16976: ([6], 0.030303030303030304), 18073: ([103], 0.0020964360587002098), 18162: ([10], 0.037037037037037035), 21130: ([35], 0.0064516129032258064), 21418: ([54], 0.004424778761061947), 23060: ([1051], 0.0008726003490401396), 26549: ([37], 0.0009861932938856016), 29643: ([621], 0.0003123048094940662), 32057: ([5], 0.0038314176245210726), 34305: ([1051], 0.0001920860545524395), 35748: ([2], 0.02857142857142857), 37183: ([67], 0.004098360655737705)}"
quant,"{17248: ([20, 66, 86, 129, 151, 195], 0.018808777429467086)}"
quantized,"{16866: ([1878, 1884, 1890, 1896, 1902, 1908, 1914, 1920, 1926, 1932, 1938, 1944, 1950, 1956, 1962, 1968, 1974, 1980, 1996, 2000, 2004, 2008, 2012, 2016, 9411, 9417, 9423, 9429], 0.0025207057976233344), 25808: ([2], 0.05555555555555555)}"
qtvr,"{17374: ([12, 16], 0.1)}"
quicktime,"{17374: ([0], 0.05), 27343: ([96], 0.0053475935828877), 27703: ([350, 354], 0.0029239766081871343), 35571: ([26], 0.0047169811320754715)}"
qd,"{17829: ([196], 0.0026595744680851063), 29342: ([200], 0.002531645569620253)}"
qdq,"{17829: ([192], 0.0026595744680851063), 29342: ([196], 0.002531645569620253)}"
qemu,"{17968: ([43], 0.007194244604316547), 24072: ([37], 0.013888888888888888), 26506: ([43], 0.007194244604316547), 27103: ([52], 0.012658227848101266), 27926: ([49], 0.0070921985815602835), 37468: ([52], 0.011494252873563218)}"
queryanswer,"{18033: ([17, 72, 90, 91], 0.043478260869565216), 22937: ([7], 0.1), 24266: ([83], 0.009174311926605505), 26211: ([34, 36], 0.022988505747126436), 26653: ([32, 40], 0.02666666666666667), 27364: ([31], 0.01694915254237288), 27868: ([26, 27, 40, 41, 52, 53, 54, 55], 0.09876543209876543), 29611: ([7], 0.1), 36498: ([18], 0.017543859649122806), 36988: ([51], 0.011627906976744186)}"
quiet,"{17799: ([765], 0.0008968609865470852), 25013: ([20], 0.015151515151515152), 30193: ([20], 0.016129032258064516), 35541: ([21], 0.014925373134328358)}"
quit,"{17848: ([75, 273], 0.006896551724137931), 18007: ([31], 0.000980392156862745), 18934: ([367, 752], 0.0026560424966799467), 19979: ([72, 246], 0.0076045627376425855), 20096: ([10], 0.017241379310344827), 24235: ([118], 0.0033333333333333335), 24312: ([190, 197, 215, 232, 254, 255, 332, 350, 367, 389, 390, 2078, 2083], 0.006205250596658711), 26271: ([9], 0.020833333333333332), 26399: ([165, 172, 189, 210, 231, 232, 246, 699, 724, 745, 774, 775, 2439, 2445], 0.005691056910569106), 27419: ([146, 671], 0.0029717682020802376), 27526: ([121, 200, 205], 0.00974025974025974), 28143: ([100], 0.005747126436781609), 28550: ([446, 602, 630, 658], 0.003341687552213868), 28892: ([7], 0.023809523809523808), 29604: ([127, 130], 0.005763688760806916), 30279: ([38, 135], 0.0070921985815602835), 31214: ([286, 299], 0.0043859649122807015), 31572: ([21], 0.006711409395973154), 31850: ([114], 0.005208333333333333), 34051: ([114], 0.005208333333333333), 36962: ([31], 0.0009871668311944718)}"
qeattrnotexist,"{18482: ([28, 132, 302], 0.008426966292134831), 36988: ([15], 0.011627906976744186)}"
qecondattrnameuncompatiable,"{18482: ([29, 198, 324], 0.008426966292134831), 36988: ([16], 0.011627906976744186)}"
qedeletefrgnkeyinval,"{18482: ([31, 189, 321], 0.008426966292134831), 36988: ([17], 0.011627906976744186)}"
qedelwrongrelname,"{18482: ([30, 177, 317], 0.008426966292134831), 36988: ([18], 0.011627906976744186)}"
qedifferentattrlen,"{18482: ([32, 165, 313], 0.008426966292134831), 36988: ([19], 0.011627906976744186)}"
qedifferentattrtype,"{18482: ([33, 141, 305], 0.008426966292134831), 36988: ([20], 0.011627906976744186)}"
qeduplicateprimary,"{18482: ([34, 183, 319], 0.008426966292134831), 36988: ([21], 0.011627906976744186)}"
qeeof,"{18482: ([35, 210, 328], 0.008426966292134831), 36988: ([22], 0.011627906976744186)}"
qefrgnkeyinval,"{18482: ([36, 186, 320], 0.008426966292134831), 36988: ([23], 0.011627906976744186)}"
qeinsdiffattrtype,"{18482: ([37, 174, 316], 0.008426966292134831), 36988: ([24], 0.011627906976744186)}"
qeinswrongattrcount,"{18482: ([38, 171, 315], 0.008426966292134831), 36988: ([25], 0.011627906976744186)}"
qenodeclosed,"{18482: ([39, 162, 312], 0.008426966292134831), 36988: ([27], 0.011627906976744186)}"
qenodeopened,"{18482: ([40, 153, 309], 0.008426966292134831), 36988: ([26], 0.011627906976744186)}"
qenosuchrelation,"{18482: ([41, 168, 314], 0.008426966292134831), 36988: ([28], 0.011627906976744186)}"
qenotneighborjoin,"{18482: ([42, 147, 307], 0.008426966292134831), 36988: ([29], 0.011627906976744186)}"
qenotoneselcond,"{18482: ([43, 144, 306], 0.008426966292134831), 36988: ([30], 0.011627906976744186)}"
qenumberformaterror,"{18482: ([44, 201, 325], 0.008426966292134831), 36988: ([31], 0.011627906976744186)}"
qeopnotdefined,"{18482: ([45, 204, 326], 0.008426966292134831), 36988: ([32], 0.011627906976744186)}"
qequeryempty,"{18482: ([46, 156, 310], 0.008426966292134831), 36988: ([33], 0.011627906976744186)}"
qerelduplcate,"{18482: ([47, 126, 300], 0.008426966292134831), 36988: ([34], 0.011627906976744186)}"
qerelnamenull,"{18482: ([48, 192, 322], 0.008426966292134831), 36988: ([35], 0.011627906976744186)}"
qerelnotexist,"{18482: ([49, 123, 299], 0.008426966292134831), 36988: ([37], 0.011627906976744186)}"
qerelnotspecified,"{18482: ([50, 135, 303], 0.008426966292134831), 36988: ([36], 0.011627906976744186)}"
qeselattrnoexist,"{18482: ([51, 207, 327], 0.008426966292134831), 36988: ([38], 0.011627906976744186)}"
qeselattrnull,"{18482: ([52, 195, 323], 0.008426966292134831), 36988: ([39], 0.011627906976744186)}"
qetoomanynjoin,"{18482: ([53, 150, 308], 0.008426966292134831), 36988: ([40], 0.011627906976744186)}"
qeupdatewrongvalue,"{18482: ([54, 180, 318], 0.008426966292134831), 36988: ([41], 0.011627906976744186)}"
qewarnmsg,"{18482: ([55, 213, 329], 0.008426966292134831), 36988: ([48], 0.011627906976744186)}"
qewrongattrsyntax,"{18482: ([56, 129, 301], 0.008426966292134831), 36988: ([42], 0.011627906976744186)}"
qewrongcondsyntax,"{18482: ([57, 138, 304], 0.008426966292134831), 36988: ([43], 0.011627906976744186)}"
qewrongnodetype,"{18482: ([58, 159, 311], 0.008426966292134831), 36988: ([44], 0.011627906976744186)}"
qewrongselattrnum,"{18482: ([59, 114, 296], 0.008426966292134831), 36988: ([45], 0.011627906976744186)}"
qewrongselcondnum,"{18482: ([60, 120, 298], 0.008426966292134831), 36988: ([46], 0.011627906976744186)}"
qewrongselrelnum,"{18482: ([61, 117, 297], 0.008426966292134831), 36988: ([47], 0.011627906976744186)}"
quake,"{18267: ([280], 0.00267379679144385), 27550: ([15], 0.019230769230769232), 33080: ([47], 0.011627906976744186)}"
qualifications,"{18358: ([16], 0.0196078431372549), 24681: ([9], 0.02040816326530612), 34802: ([13], 0.018867924528301886), 35590: ([13], 0.02), 37095: ([16], 0.0196078431372549), 37951: ([12], 0.023809523809523808), 38021: ([19], 0.017543859649122806), 38298: ([11, 11], 0.0006353240152477764), 38558: ([13], 0.021739130434782608)}"
qualified,"{18407: ([93], 0.0078125), 18581: ([283], 0.0034482758620689655), 21201: ([641], 0.0010893246187363835), 22811: ([141], 0.005917159763313609), 25470: ([107], 0.008064516129032258), 28502: ([0, 7, 12], 0.21428571428571427), 33048: ([54], 0.013513513513513514), 35703: ([780, 1634], 0.0012121212121212121), 36165: ([39], 0.0125)}"
quarter,"{18239: ([15], 0.02631578947368421), 18346: ([87, 87], 0.0004675081813931744), 18407: ([22, 35, 48], 0.0234375), 18524: ([423, 1280, 1308, 1677, 1799, 1803], 0.0032240730789897904), 18546: ([8], 0.023255813953488372), 18665: ([2861, 2938, 2941, 2944, 2947, 2950, 2953, 2956, 2959, 2962, 4563, 5794, 5798], 0.002235982112143103), 18671: ([20], 0.038461538461538464), 18705: ([8], 0.043478260869565216), 18934: ([14], 0.0013280212483399733), 19149: ([2], 0.0058823529411764705), 19310: ([15, 23], 0.07142857142857142), 19556: ([11], 0.03225806451612903), 19592: ([1], 0.125), 19619: ([1, 7, 10], 0.25), 20003: ([23], 0.00847457627118644), 20041: ([2378, 2410, 2802, 2805, 2808, 2811, 2814, 2817, 2820, 2823, 3602, 3940, 4363, 4367], 0.0031941592516541184), 20168: ([5, 88, 578, 594, 622, 699, 915, 1032, 1120, 1159, 1176, 1184, 1639, 1890, 1914, 1931, 1934, 1978], 0.008314087759815243), 20172: ([9], 0.047619047619047616), 20273: ([1], 0.018518518518518517), 20329: ([10], 0.03225806451612903), 20661: ([38], 0.02), 20701: ([1992, 2011, 2038, 2065, 3135, 3525, 3576, 3702, 3706], 0.002425876010781671), 20753: ([138], 0.005494505494505495), 20808: ([13], 0.02127659574468085), 20889: ([33], 0.011764705882352941), 21096: ([24], 0.014705882352941176), 21644: ([2008, 2027, 2054, 2081, 3228, 3618, 3669, 3795, 3799], 0.00236655272153563), 21773: ([24, 27, 30], 0.04411764705882353), 21808: ([153, 591, 1111, 1115], 0.0034100596760443308), 22058: ([10], 0.027777777777777776), 22169: ([612, 640, 823, 994, 1139, 1183, 1200, 1208, 1670, 1925, 1948, 1965, 1968, 2011], 0.006517690875232775), 22213: ([3075, 3086, 3533, 3536, 3539, 3542, 3545, 3548, 3551, 3554, 3557, 3560, 3563, 3807, 3937, 3960, 5219, 7060, 7064], 0.0026711654716715873), 22321: ([8], 0.03225806451612903), 22611: ([33], 0.01694915254237288), 22728: ([10], 0.01818181818181818), 22874: ([1], 0.009900990099009901), 22905: ([358], 0.0023752969121140144), 22968: ([1], 0.009900990099009901), 22976: ([603, 631, 793, 964, 1109, 1153, 1170, 1178, 1640, 1895, 1918, 1935, 1938, 1981], 0.0066100094428706326), 22994: ([61, 69], 0.012422360248447204), 23045: ([1], 0.005555555555555556), 23150: ([170], 0.003676470588235294), 23243: ([29, 29], 0.0004616805170821791), 23352: ([23], 0.020833333333333332), 23354: ([1], 0.02040816326530612), 23379: ([20], 0.021739130434782608), 23517: ([9], 0.03333333333333333), 23524: ([9, 46, 61], 0.0297029702970297), 23596: ([7, 25], 0.05555555555555555), 23647: ([2016, 2697, 2701], 0.001104158998895841), 23658: ([14], 0.02857142857142857), 23669: ([3, 6, 9, 12, 15, 18, 21, 24, 27, 30, 33, 36, 39], 0.23214285714285715), 24013: ([2, 4, 6], 0.16666666666666666), 24144: ([1], 0.01639344262295082), 24644: ([3132, 3143, 3590, 3593, 3596, 3599, 3602, 3605, 3608, 3611, 3614, 3617, 3620, 3864, 3994, 4017, 5276, 7118, 7122], 0.0026495607307209595), 24844: ([19], 0.02040816326530612), 24876: ([494, 1105, 1133, 1391, 1411, 1425, 1446, 1637, 1759, 1763], 0.0054914881933003845), 25063: ([5, 43, 50], 0.057692307692307696), 25271: ([6, 14, 146], 0.01910828025477707), 25331: ([9], 0.03125), 25550: ([8], 0.030303030303030304), 25580: ([3150, 3161, 3608, 3611, 3614, 3617, 3620, 3623, 3626, 3629, 3632, 3635, 3638, 3882, 4012, 4035, 5294, 7136, 7140], 0.002642926693559605), 25644: ([3], 0.04), 26191: ([196], 0.0049504950495049506), 26213: ([1], 0.01639344262295082), 26663: ([146], 0.0045871559633027525), 26686: ([2609, 2999, 3050, 3277, 3281], 0.001516530178950561), 26784: ([9], 0.047619047619047616), 27021: ([78], 0.012195121951219513), 27099: ([196], 0.0049504950495049506), 27125: ([2113, 2142, 2169, 2196, 3302, 3686, 3737, 3887, 3891], 0.0023106546854942235), 27266: ([5], 0.008849557522123894), 27376: ([12], 0.018867924528301886), 27476: ([24], 0.015384615384615385), 27594: ([7, 54], 0.02857142857142857), 27622: ([296], 0.0013605442176870747), 27769: ([15], 0.023255813953488372), 27966: ([9, 11, 23], 0.03333333333333333), 28374: ([29], 0.0125), 28574: ([524, 1149, 1177, 1437, 1457, 1471, 1492, 1683, 1805, 1809], 0.005356186395286556), 28829: ([9], 0.02040816326530612), 28899: ([19], 0.01), 29114: ([9], 0.02040816326530612), 29182: ([5, 88, 590, 606, 634, 711, 904, 1021, 1109, 1148, 1165, 1173, 1628, 1879, 1903, 1920, 1923, 1967], 0.008356545961002786), 29267: ([2850, 2853, 2856, 2859, 2862, 2865, 2868, 2871, 2874, 2877, 2880, 4452], 0.0021012081947119595), 29436: ([61, 69], 0.012422360248447204), 29438: ([2371, 2761, 2812, 3039, 3043], 0.0016345210853220007), 29630: ([290, 335], 0.002369668246445498), 29776: ([1334], 0.00031446540880503143), 29812: ([9], 0.034482758620689655), 29816: ([9], 0.043478260869565216), 30060: ([10], 0.03571428571428571), 30124: ([19], 0.025), 30229: ([7], 0.004291845493562232), 30246: ([19], 0.025), 30278: ([12], 0.018867924528301886), 30512: ([95], 0.006493506493506494), 30571: ([6], 0.014492753623188406), 30594: ([11], 0.029411764705882353), 30628: ([20, 52], 0.022727272727272728), 30736: ([1], 0.019230769230769232), 30981: ([33], 0.016666666666666666), 31049: ([12], 0.004672897196261682), 31050: ([10], 0.03125), 31083: ([11], 0.029411764705882353), 31136: ([9], 0.02040816326530612), 31271: ([138, 156], 0.011494252873563218), 31410: ([6, 9, 12, 15], 0.15384615384615385), 31514: ([13], 0.030303030303030304), 31757: ([2], 0.03571428571428571), 31881: ([229], 0.004132231404958678), 31918: ([8], 0.03225806451612903), 31927: ([76, 185, 327], 0.007177033492822967), 32006: ([2876, 2879, 2882, 2885, 2888, 2891, 2894, 2897, 2900, 2903, 2906, 4130, 5340, 5344], 0.0026119402985074628), 32077: ([12], 0.03125), 32151: ([2001, 2020, 2047, 2074, 3144, 3534, 3585, 3711, 3715], 0.0024200053777897286), 32277: ([12], 0.018867924528301886), 32318: ([29, 71], 0.027777777777777776), 32501: ([9], 0.03125), 32689: ([10], 0.030303030303030304), 32755: ([1], 0.014492753623188406), 32787: ([2360, 2691, 2695], 0.0011066027296200663), 32837: ([416], 0.002347417840375587), 33117: ([10], 0.03125), 33126: ([110], 0.00819672131147541), 33154: ([2443, 2833, 2884, 3111, 3115], 0.0015969338869370809), 33481: ([12], 0.02857142857142857), 33530: ([42], 0.010526315789473684), 33942: ([1], 0.015873015873015872), 34015: ([48], 0.0064516129032258064), 34206: ([7], 0.03571428571428571), 34644: ([10], 0.030303030303030304), 34716: ([2223, 2561, 2612, 3369, 3373], 0.0014753614635585719), 34898: ([21], 0.011363636363636364), 35139: ([9], 0.047619047619047616), 35280: ([10], 0.03571428571428571), 35544: ([2, 182, 346], 0.006355932203389831), 35757: ([9], 0.037037037037037035), 35762: ([24], 0.018518518518518517), 36335: ([9], 0.030303030303030304), 36655: ([296], 0.0013605442176870747), 36951: ([16], 0.02564102564102564), 37036: ([11], 0.03225806451612903), 37174: ([2868, 3452, 3456], 0.0008653014133256418), 37297: ([17], 0.019230769230769232), 37396: ([18], 0.024390243902439025), 37480: ([62], 0.015625), 37514: ([9], 0.03225806451612903), 37811: ([13], 0.030303030303030304), 37906: ([17, 33, 49, 17, 33, 49], 0.0021269053527118043), 38236: ([11], 0.027777777777777776), 38273: ([11], 0.024390243902439025), 38381: ([11], 0.027777777777777776), 38471: ([11], 0.02564102564102564), 38478: ([80, 80], 0.0006353240152477764), 38520: ([11], 0.022222222222222223), 38533: ([11], 0.009900990099009901), 38553: ([11], 0.021739130434782608), 38581: ([30], 0.00558659217877095), 38592: ([11], 0.022222222222222223), 38617: ([27, 49, 59], 0.031578947368421054), 38682: ([64], 0.006493506493506494)}"
quicksort,"{18460: ([26, 27], 0.05714285714285714), 22656: ([1], 0.03333333333333333), 23624: ([180], 0.0033333333333333335), 35069: ([100, 169], 0.009259259259259259)}"
qdequeue,"{18843: ([657, 969, 988], 0.002277904328018223), 31567: ([16], 0.001763668430335097)}"
qisempty,"{18843: ([966, 984], 0.0015186028853454822)}"
qopen,"{18581: ([197], 0.0034482758620689655), 32111: ([62], 0.007874015748031496)}"
querying,"{18797: ([8], 0.023809523809523808), 19102: ([3], 0.05), 23078: ([1, 2], 0.125), 23462: ([3, 24, 34], 0.06818181818181818), 24036: ([3, 22, 32], 0.07142857142857142), 24970: ([6, 8, 10], 0.15), 28863: ([106, 172, 331, 377, 434], 0.010822510822510822), 31857: ([7, 33, 46], 0.05263157894736842), 37232: ([13, 36, 47], 0.05357142857142857)}"
questionable,"{18750: ([420], 0.00048355899419729207), 21493: ([4, 34], 0.047619047619047616), 29756: ([5], 0.045454545454545456), 36293: ([420], 0.00048355899419729207), 37307: ([4, 34], 0.047619047619047616)}"
quickshift,"{18627: ([5, 11], 0.15384615384615385), 24024: ([5, 11], 0.15384615384615385), 27119: ([5, 11], 0.15384615384615385), 30209: ([5, 11], 0.15384615384615385), 33692: ([114], 0.006578947368421052), 36984: ([5, 11], 0.15384615384615385)}"
quincunx,"{18542: ([0, 30, 31], 0.09375)}"
quintusutil,"{18751: ([3, 4, 5], 0.21428571428571427)}"
quan,"{18954: ([194], 0.003484320557491289)}"
quann1,"{18954: ([203, 273], 0.006968641114982578)}"
q,"{19412: ([59], 0.0027247956403269754), 19463: ([62, 75, 89, 92, 94, 99, 100, 101, 102, 103, 110], 0.04044117647058824), 19634: ([3, 4], 0.00975609756097561), 19691: ([257, 378], 0.005063291139240506), 19910: ([11, 62, 67], 0.043478260869565216), 19968: ([148, 150, 151, 153, 157, 159, 160, 163, 165, 170, 171, 172, 175], 0.05220883534136546), 20041: ([3047], 0.00022815423226100844), 20119: ([23], 0.011363636363636364), 20218: ([9, 46], 0.03508771929824561), 20240: ([15, 40], 0.03508771929824561), 20481: ([59], 0.0027548209366391185), 20781: ([15, 40], 0.03508771929824561), 20919: ([47], 0.0019723865877712033), 21135: ([0], 0.05555555555555555), 21666: ([577, 581, 610, 621, 629, 647, 658, 669, 680, 691, 702, 713, 724, 735, 746, 766, 784, 805, 816, 827, 849, 872, 883, 894, 905, 916, 927, 938, 952], 0.020523708421797595), 21729: ([7, 38], 0.021505376344086023), 21811: ([16, 34], 0.045454545454545456), 22023: ([15, 33], 0.046511627906976744), 22114: ([35, 37], 0.043478260869565216), 22373: ([0], 0.012987012987012988), 22713: ([28, 29], 0.0030721966205837174), 22811: ([0], 0.005917159763313609), 23076: ([438, 460, 511, 571, 573, 575], 0.008415147265077139), 23266: ([81, 85, 100, 288, 290, 293], 0.019543973941368076), 23678: ([0, 10, 16, 23, 38, 46, 55], 0.050359712230215826), 23703: ([3, 66], 0.009433962264150943), 24160: ([119, 121, 122, 123, 124, 127, 145, 224], 0.0311284046692607), 24222: ([15, 40], 0.03508771929824561), 24422: ([18, 23], 0.08), 25273: ([0, 8, 14, 23, 45, 54], 0.046511627906976744), 25285: ([204, 226, 254, 271, 290, 306, 335, 349, 403, 420, 455, 474], 0.020905923344947737), 25578: ([7, 9, 14, 75, 80, 90, 94, 201, 202, 284, 289, 321, 327], 0.036312849162011177), 25581: ([112], 0.006134969325153374), 25671: ([10, 12, 15, 18, 22, 33, 37, 41, 46, 63, 68, 73, 78, 98, 103, 112, 117, 123, 128, 140, 142], 0.12209302325581395), 25741: ([185, 1458], 0.0007710100231303007), 25849: ([63, 88], 0.013605442176870748), 25888: ([92, 93, 97, 101, 102], 0.024752475247524754), 26374: ([2, 6, 53, 57], 0.04040404040404041), 26444: ([0, 12, 20, 29], 0.05194805194805195), 26758: ([76], 0.010869565217391304), 27188: ([91], 0.005376344086021506), 27236: ([0, 8, 14, 23, 45, 54], 0.046511627906976744), 27343: ([95], 0.0053475935828877), 27419: ([147, 412], 0.0029717682020802376), 27540: ([11], 0.012987012987012988), 28238: ([25, 80, 85], 0.031578947368421054), 28255: ([18, 62, 112, 154, 183], 0.02074688796680498), 28550: ([445, 457, 553, 601, 606, 629, 634, 657, 662], 0.007518796992481203), 28688: ([11, 36], 0.03773584905660377), 28756: ([15, 40], 0.03508771929824561), 28983: ([53, 60, 61, 67, 102], 0.034722222222222224), 29016: ([3, 6, 9, 32, 60, 65], 0.08955223880597014), 29283: ([15, 40], 0.03508771929824561), 29342: ([194, 201], 0.005063291139240506), 29403: ([5], 0.041666666666666664), 29444: ([247, 261, 275, 298, 352, 382, 446], 0.009497964721845319), 29636: ([28, 29, 72, 73, 329], 0.014245014245014245), 29855: ([9, 18, 27, 36], 0.018779342723004695), 18579: ([112], 0.006134969325153374), 30005: ([35], 0.00819672131147541), 30106: ([15, 40], 0.03508771929824561), 30205: ([15, 40], 0.03508771929824561), 30253: ([15, 40], 0.03508771929824561), 30470: ([52], 0.0013245033112582781), 30623: ([55], 0.005917159763313609), 31080: ([141, 145, 161, 164, 174], 0.0040128410914927765), 31150: ([0, 8, 14, 21, 31, 41, 50], 0.05511811023622047), 31280: ([3, 11, 19, 40, 52, 62, 71], 0.0440251572327044), 31567: ([69, 116, 221], 0.005291005291005291), 31683: ([44], 0.0003875968992248062), 32111: ([44, 48], 0.015748031496062992), 32187: ([74], 0.011627906976744186), 32379: ([15, 40], 0.03508771929824561), 32781: ([69, 82, 188, 191, 194, 199, 207], 0.028), 32790: ([15, 40], 0.03508771929824561), 32874: ([9, 22, 39, 75, 80], 0.060240963855421686), 32932: ([3, 11, 19, 40, 52, 62, 71], 0.0440251572327044), 33006: ([3, 56, 59, 67, 72], 0.06666666666666667), 33414: ([24], 0.004672897196261682), 33452: ([537, 552, 573], 0.004297994269340974), 33557: ([48], 0.001379310344827586), 33586: ([9, 46], 0.03508771929824561), 33809: ([30, 31], 0.014184397163120567), 34409: ([0, 1, 2, 3, 4, 5, 6, 7, 8, 9, 10, 11, 12, 13, 14, 38, 50, 61, 71, 79, 87, 103, 116, 123, 132, 143, 150, 157, 168, 178], 0.1507537688442211), 34743: ([171, 220], 0.007462686567164179), 34805: ([16, 41], 0.034482758620689655), 35188: ([16, 41], 0.034482758620689655), 35201: ([167], 0.0029940119760479044), 35262: ([15, 40], 0.03508771929824561), 35325: ([4, 7, 10, 13, 45, 50], 0.11538461538461539), 35449: ([7, 10, 22, 27], 0.13793103448275862), 35470: ([577, 581, 610, 621, 629, 647, 658, 669, 680, 691, 702, 713, 724, 735, 746, 776, 804, 815, 826, 837, 856, 872, 883, 894, 905, 916, 927, 938, 952], 0.020523708421797595), 35555: ([0], 0.006211180124223602), 35713: ([48, 60, 63, 71], 0.05128205128205128), 35852: ([148, 150, 151, 153, 157, 159, 160, 163, 165, 170, 171, 172, 175], 0.051587301587301584), 36015: ([22, 27], 0.06896551724137931), 36104: ([0], 0.045454545454545456), 36293: ([580], 0.00048355899419729207), 36505: ([0, 133], 0.011904761904761904), 36672: ([16, 41], 0.034482758620689655), 36712: ([24], 0.004132231404958678), 36834: ([16, 41], 0.034482758620689655), 36988: ([14, 83], 0.023255813953488372), 36995: ([339, 342, 353], 0.006607929515418502), 37010: ([167], 0.0034965034965034965), 37211: ([20, 22, 24, 26, 34, 39], 0.14634146341463414), 37287: ([0], 0.006211180124223602), 37692: ([0, 2, 4], 0.25), 37767: ([16, 41], 0.034482758620689655), 37769: ([5], 0.041666666666666664), 37821: ([143, 145], 0.008438818565400843), 38020: ([3, 11, 19, 40, 52, 62, 71, 3, 11, 19, 40, 52, 62, 71], 0.004962779156327543), 38316: ([42, 42], 0.0006353240152477764), 38444: ([3, 11, 19, 40, 52, 62, 71], 0.042682926829268296), 38528: ([47], 0.004310344827586207), 38537: ([13, 34, 55], 0.0375), 38612: ([0], 0.008849557522123894), 38652: ([0, 10, 16, 23, 38, 46, 55], 0.04697986577181208), 38655: ([0, 8, 14, 21, 31, 41, 50], 0.05263157894736842)}"
quantity,"{19285: ([68], 0.007042253521126761), 19441: ([68], 0.007042253521126761), 25271: ([45], 0.006369426751592357), 28257: ([111], 0.005555555555555556)}"
questionsmail,"{19537: ([32], 0.02631578947368421)}"
queried,"{19797: ([19], 0.02564102564102564)}"
queueelements,"{19691: ([258], 0.002531645569620253), 24428: ([10, 27], 0.04878048780487805)}"
quilt,"{19964: ([1, 40, 43], 0.06666666666666667), 34412: ([4, 9, 14], 0.2)}"
quotient,"{20243: ([91], 0.009708737864077669), 23703: ([176], 0.0047169811320754715), 25114: ([478], 0.0005763688760806917), 32781: ([70, 177], 0.008)}"
querycriteria,"{20706: ([45], 0.010638297872340425), 22346: ([184, 186], 0.009345794392523364), 24266: ([51], 0.009174311926605505), 26212: ([75], 0.008333333333333333), 27364: ([23], 0.01694915254237288), 27868: ([28, 29, 42, 43], 0.04938271604938271), 32022: ([21, 31, 51, 75, 78, 81, 82], 0.08433734939759036), 36498: ([29], 0.017543859649122806), 36988: ([52, 53], 0.023255813953488372)}"
questioning,"{21068: ([14], 0.014925373134328358), 25285: ([26, 321], 0.003484320557491289)}"
qqname,"{21338: ([5, 13, 21], 0.125)}"
quotation,"{21531: ([55], 0.015873015873015872), 30057: ([93], 0.006896551724137931)}"
queryanswering,"{22058: ([6], 0.027777777777777776)}"
qe,"{22401: ([28, 72, 130], 0.018867924528301886), 23590: ([22, 30, 35], 0.046153846153846156), 31441: ([168, 263, 328, 377], 0.01038961038961039), 31596: ([28, 86, 190], 0.013452914798206279), 34369: ([35, 84, 132], 0.02027027027027027), 36988: ([61, 62, 63], 0.03488372093023256)}"
qqqskeletonhtmlheader,"{22519: ([0], 0.0625), 23275: ([0], 0.03333333333333333), 27750: ([0], 0.03333333333333333), 31932: ([0], 0.0625)}"
qqqskeletonhtmltitle,"{22519: ([1, 2], 0.125), 23275: ([1, 2], 0.06666666666666667), 27750: ([1, 2], 0.06666666666666667), 31932: ([1, 2], 0.125)}"
quarry,"{22869: ([0, 32, 33], 0.08823529411764706), 24314: ([2, 32, 35], 0.08333333333333333)}"
qualifiers,"{23163: ([1, 9, 11], 0.25)}"
quantify,"{23080: ([11], 0.030303030303030304)}"
qpm,"{23299: ([16], 0.02857142857142857)}"
quotes,"{23491: ([8, 65, 249], 0.006160164271047228), 25470: ([66], 0.008064516129032258), 27660: ([33, 80], 0.002386634844868735), 29527: ([45, 92], 0.018867924528301886), 30057: ([97], 0.006896551724137931), 33414: ([10], 0.004672897196261682), 36712: ([10], 0.004132231404958678)}"
q2,"{23703: ([72], 0.0047169811320754715), 24396: ([8], 0.045454545454545456), 26363: ([2], 0.012987012987012988), 26758: ([78], 0.010869565217391304), 29267: ([5249], 0.0001751006828926633), 32187: ([76], 0.011627906976744186)}"
qinteger,"{23703: ([1, 65], 0.009433962264150943), 25578: ([1], 0.002793296089385475), 25671: ([1], 0.005813953488372093), 26374: ([23], 0.010101010101010102), 28255: ([15, 59, 109, 151, 180], 0.02074688796680498)}"
qlearning,"{23902: ([69], 0.010101010101010102)}"
qqnames,"{23713: ([11, 19, 27], 0.1)}"
qqskeleton,"{23832: ([9, 13, 39, 47], 0.08)}"
qrational,"{23703: ([68], 0.0047169811320754715), 25578: ([4], 0.002793296089385475), 25671: ([9], 0.005813953488372093)}"
q1,"{24396: ([5], 0.045454545454545456), 25671: ([70, 109], 0.011627906976744186), 26374: ([61], 0.010101010101010102), 26758: ([77], 0.010869565217391304), 29267: ([5227], 0.0001751006828926633), 31613: ([2], 0.0136986301369863), 32187: ([75], 0.011627906976744186)}"
qgen,"{24146: ([0, 1, 2], 0.07692307692307693)}"
queenie,"{24443: ([4], 0.017543859649122806)}"
queuegt,"{24312: ([1850], 0.00047732696897374703)}"
quinonez,"{24115: ([339, 339], 0.0004616805170821791)}"
qiangliu,"{24508: ([110], 0.001392757660167131)}"
qp,"{24750: ([1738], 0.0004038772213247173)}"
quinze,"{24589: ([491], 0.0019230769230769232)}"
quakecon,"{24914: ([74, 75], 0.02531645569620253), 36458: ([74, 75], 0.02531645569620253)}"
quasimeeting,"{25164: ([142], 0.005235602094240838)}"
qfloor,"{25578: ([6], 0.002793296089385475)}"
quantumness,"{25409: ([40], 0.0125)}"
quiz,"{25580: ([1400, 1933, 2686, 3086, 4407, 4458, 4471, 5207, 5227, 5234, 5565, 6209, 6339, 6621, 6719], 0.002086521073862846), 25680: ([72, 81, 102, 111, 131, 142, 163, 172, 196, 282, 291, 312, 321, 341, 352, 373, 382, 406, 492, 501, 522, 531, 551, 562, 583, 592, 616, 700, 709, 730, 739, 759, 770, 791, 800, 824], 0.041379310344827586), 25958: ([7], 0.015873015873015872), 26363: ([35, 41, 47], 0.03896103896103896), 26686: ([692, 1148, 1381, 1653, 2173, 2521, 2541, 2548, 2937], 0.00272975432211101), 27125: ([687, 1139, 1366, 1674, 2063, 2071, 2115, 2119, 2123, 2129, 2144, 2148, 2152, 2156, 2171, 2175, 2179, 2183, 2867, 3214, 3234, 3241, 3630], 0.005905006418485238), 22368: ([81], 0.005917159763313609), 27977: ([240, 291], 0.0058997050147492625), 28033: ([2, 62, 108, 147, 205, 221, 261], 0.0231023102310231), 28429: ([8], 0.08333333333333333), 24115: ([123], 0.0023923444976076554), 29267: ([215, 220, 253, 271, 753, 1021, 1588, 1688, 1937, 3145, 3152, 3193, 3228, 3560, 3612, 3625, 4368, 4388, 4395, 4722, 5196], 0.003677114340745929), 29438: ([692, 1148, 1415, 1935, 2283, 2303, 2310, 2699], 0.002615233736515201), 30955: ([50, 57, 75], 0.023622047244094488), 31038: ([96, 261], 0.005509641873278237), 31334: ([34, 40, 46], 0.039473684210526314), 31588: ([5], 0.027777777777777776), 31613: ([31, 37, 43], 0.0410958904109589), 31614: ([0], 0.030303030303030304), 31955: ([36], 0.02), 32006: ([109, 199, 324, 420, 993, 1667, 1988, 2428, 3532, 3584, 3597, 4047, 4067, 4074, 4472], 0.002798507462686567), 32151: ([692, 1148, 1381, 1640, 1951, 1959, 2003, 2007, 2011, 2022, 2026, 2030, 2034, 2049, 2053, 2057, 2061, 2708, 3056, 3076, 3083, 3472], 0.005915568701263781), 32259: ([5, 10, 15], 0.1), 32380: ([679, 769], 0.00245398773006135), 32787: ([499, 863, 1256, 1418, 1880, 1925, 1938, 2271, 2291, 2298, 2607], 0.004057543341940244), 32953: ([25], 0.008849557522123894), 33154: ([692, 1148, 1487, 2007, 2355, 2375, 2382, 2771], 0.0025550942190993293), 33195: ([24], 0.027777777777777776), 33414: ([52], 0.004672897196261682), 33777: ([5, 10, 15], 0.1), 34404: ([2, 6], 0.058823529411764705), 34716: ([542, 872, 1185, 1383, 1905, 2148, 2168, 2175, 2499], 0.0026556506344054295), 35148: ([3], 0.02702702702702703), 36248: ([0], 0.038461538461538464), 36269: ([7], 0.03571428571428571), 36506: ([7], 0.011363636363636364), 36712: ([52], 0.004132231404958678), 37078: ([28], 0.03125), 37109: ([155], 0.003937007874015748), 37174: ([2, 641, 1032, 1411, 1710, 2413, 2458, 2471, 2783, 2803, 2810, 3115], 0.003461205653302567), 37409: ([5, 10, 15], 0.1), 37622: ([7], 0.030303030303030304)}"
quizzes,"{25345: ([6], 0.013513513513513514), 25390: ([83], 0.010869565217391304), 25503: ([89], 0.01020408163265306), 25580: ([26, 4419, 4435, 4449, 4510, 4950, 5171, 5223, 5663, 5794, 6005], 0.001530115454166087), 25680: ([10, 24, 234, 444, 652], 0.005747126436781609), 26188: ([96], 0.009523809523809525), 26216: ([84], 0.011235955056179775), 26460: ([90], 0.010101010101010102), 26686: ([2142, 2179, 2456, 2496, 2537, 3180], 0.0018198362147406734), 26846: ([50], 0.003424657534246575), 27125: ([2037, 2205, 2475, 2586, 2836, 2873, 3149, 3189, 3230], 0.0023106546854942235), 22368: ([52], 0.005917159763313609), 27390: ([301], 0.0030959752321981426), 27625: ([19, 93], 0.016129032258064516), 27982: ([83], 0.010869565217391304), 28919: ([1, 2, 8, 12, 16, 20, 25, 27], 0.27586206896551724), 29267: ([325, 3573, 3589, 3603, 3662, 4023, 4339, 4384, 4820, 4951, 5162], 0.0019261075118192962), 29344: ([11], 0.034482758620689655), 29347: ([83], 0.011363636363636364), 29438: ([1904, 1941, 2218, 2258, 2299, 2942], 0.001961425302386401), 30093: ([26, 48], 0.015151515151515152), 31007: ([98], 0.009345794392523364), 31041: ([85], 0.011111111111111112), 31303: ([89], 0.01020408163265306), 31515: ([91, 106], 0.015037593984962405), 32006: ([497, 3269, 3545, 3561, 3575, 3634, 4003, 4023, 4063, 4570, 4682, 4893, 5288], 0.002425373134328358), 32151: ([1918, 1925, 2083, 2677, 2714, 2991, 3031, 3072], 0.0021511158913686476), 32380: ([30], 0.001226993865030675), 32787: ([28, 1886, 1902, 1916, 2226, 2246, 2287, 2616], 0.002950940612320177), 33154: ([1976, 2013, 2290, 2330, 2371, 3014], 0.0019163206643244969), 33263: ([35], 0.011627906976744186), 33353: ([91], 0.010416666666666666), 33414: ([88], 0.004672897196261682), 34164: ([13], 0.037037037037037035), 34617: ([1, 2, 6, 10, 14, 18, 22, 26, 30, 34, 35], 0.2972972972972973), 34716: ([1911, 2088, 2123, 2164, 3294], 0.0014753614635585719), 34807: ([19], 0.00847457627118644), 34817: ([15], 0.041666666666666664), 35798: ([85], 0.011111111111111112), 35817: ([98], 0.009345794392523364), 36269: ([17, 22, 27], 0.10714285714285714), 36468: ([78], 0.012048192771084338), 36578: ([82], 0.011494252873563218), 36712: ([88], 0.004132231404958678), 37174: ([37, 2157, 2419, 2435, 2449, 2743, 2763, 2799, 3397], 0.0025959042399769255)}"
quotedstring,"{25545: ([32], 0.02702702702702703), 36132: ([28], 0.030303030303030304)}"
qj,"{25849: ([91], 0.006802721088435374)}"
query,"{25816: ([5], 0.019230769230769232), 26234: ([12, 19], 0.007722007722007722), 26636: ([26], 0.017241379310344827), 26676: ([3, 33, 52], 0.04225352112676056), 27552: ([21, 28], 0.007722007722007722), 27632: ([8], 0.045454545454545456), 28367: ([1, 4, 7, 9, 13, 16], 0.3333333333333333), 28863: ([39, 47, 49, 179, 201, 223], 0.012987012987012988), 29499: ([18, 26, 39, 59, 63, 64, 65], 0.10606060606060606), 30470: ([672], 0.0013245033112582781), 30536: ([201], 0.003861003861003861), 30623: ([153], 0.005917159763313609), 30688: ([12, 19], 0.007326007326007326), 31593: ([453], 0.0012674271229404308), 32425: ([12, 33], 0.0392156862745098), 32852: ([119], 0.005076142131979695), 33139: ([10, 30], 0.043478260869565216), 33799: ([12], 0.016129032258064516), 35621: ([3, 23, 33], 0.06976744186046512), 35759: ([462], 0.0009090909090909091), 36062: ([18], 0.023255813953488372), 36513: ([29], 0.017857142857142856), 36988: ([49, 50, 64], 0.03488372093023256), 37714: ([5], 0.03333333333333333), 37716: ([5, 11], 0.03333333333333333)}"
qin,"{26273: ([125], 0.00267379679144385), 34444: ([39, 156], 0.0024242424242424242), 37310: ([254, 263], 0.007434944237918215)}"
qr,"{26374: ([28], 0.010101010101010102), 29106: ([17, 113], 0.010416666666666666), 32632: ([17, 113], 0.010416666666666666)}"
quantification,"{26302: ([73], 0.009523809523809525)}"
quotidian,"{26364: ([11], 0.014492753623188406)}"
qualifies,"{26846: ([172], 0.003424657534246575)}"
qabs,"{27293: ([226], 0.0024752475247524753)}"
qs,"{27381: ([7, 8], 0.0058309037900874635)}"
quadrilateral,"{27572: ([177, 222], 0.0032), 29643: ([336, 742, 1020], 0.0009369144284821987), 30170: ([0, 16], 0.03278688524590164), 30914: ([90], 0.004975124378109453), 31554: ([8], 0.002232142857142857), 31680: ([103], 0.0021645021645021645), 31855: ([4], 0.021739130434782608), 32057: ([44], 0.0038314176245210726), 32964: ([100, 160, 171], 0.006772009029345372), 33473: ([50], 0.0035971223021582736), 33763: ([9], 0.03225806451612903), 34003: ([103], 0.0024449877750611247), 34305: ([620, 1238, 1652], 0.0005762581636573184), 36217: ([6], 0.00390625), 37258: ([530], 0.00035435861091424523), 37826: ([0], 0.034482758620689655)}"
quality,"{27293: ([140, 222, 358], 0.007425742574257425), 27408: ([16], 0.002849002849002849), 27615: ([5], 0.03125), 27660: ([278, 545, 592, 784], 0.00477326968973747), 27762: ([207], 0.004608294930875576), 27827: ([9], 0.03333333333333333), 28257: ([110], 0.005555555555555556), 28574: ([1315, 1724], 0.0010712372790573112), 28588: ([35], 0.02702702702702703), 28863: ([168, 289], 0.004329004329004329), 29042: ([10], 0.047619047619047616), 29182: ([259, 1060], 0.0009285051067780873), 29304: ([77], 0.012658227848101266), 29339: ([52], 0.0055248618784530384), 29402: ([5], 0.06666666666666667), 29643: ([232, 492], 0.0006246096189881324), 29806: ([302], 0.0022471910112359553), 29871: ([13], 0.0022727272727272726), 30170: ([12], 0.01639344262295082), 30192: ([52], 0.0055248618784530384), 30623: ([117, 122], 0.011834319526627219), 30708: ([6, 15, 23], 0.1111111111111111), 30883: ([398], 0.0014577259475218659), 30944: ([53], 0.0034482758620689655), 31680: ([62], 0.0021645021645021645), 31818: ([35], 0.02702702702702703), 31832: ([30, 39, 46], 0.06382978723404255), 31984: ([291, 970, 1656], 0.0010822510822510823), 32263: ([98], 0.005847953216374269), 32272: ([41], 0.0070921985815602835), 32485: ([539], 0.001841620626151013), 32738: ([241], 0.0020408163265306124), 32835: ([202], 0.0024449877750611247), 32852: ([13, 24, 62, 72, 77], 0.025380710659898477), 32948: ([62], 0.0051813471502590676), 32964: ([70, 125], 0.004514672686230248), 33398: ([77], 0.012658227848101266), 34034: ([81], 0.012048192771084338), 34305: ([413, 854], 0.000384172109104879), 34448: ([58], 0.002777777777777778), 34618: ([29], 0.01694915254237288), 34995: ([16], 0.03571428571428571), 35087: ([511], 0.0011534025374855825), 35294: ([119], 0.006993006993006993), 35427: ([170, 206, 266], 0.010714285714285714), 35912: ([20, 42], 0.0425531914893617), 36256: ([12, 23, 38, 44], 0.06349206349206349), 25152: ([115], 0.001422475106685633), 37092: ([110], 0.006622516556291391), 37169: ([199], 0.0025575447570332483), 37852: ([255], 0.0029239766081871343), 37946: ([142], 0.0034129692832764505), 37991: ([63], 0.003289473684210526), 38123: ([3, 3], 0.0007089684509039348), 38194: ([341, 341], 0.0006353240152477764), 38205: ([163, 163], 0.0007089684509039348), 38389: ([199], 0.003257328990228013), 38427: ([324], 0.002325581395348837), 38595: ([253], 0.002785515320334262)}"
quently,"{27660: ([700], 0.0011933174224343676)}"
quitting,"{27419: ([433, 475], 0.0029717682020802376), 29636: ([330], 0.002849002849002849)}"
qubit,"{27739: ([23], 0.024390243902439025)}"
q0,"{28255: ([17, 61, 111, 153, 182], 0.02074688796680498)}"
questioncount,"{28204: ([9, 42], 0.01282051282051282)}"
questionid,"{28204: ([14, 21, 26, 30, 117, 118, 126, 128, 130, 132, 133], 0.07051282051282051)}"
qwhat,"{28446: ([0], 0.010309278350515464)}"
qda,"{28863: ([25], 0.0021645021645021645)}"
quantization,"{28742: ([0, 6, 7], 0.09375), 29885: ([1], 0.041666666666666664), 36283: ([57, 291], 0.004987531172069825)}"
quintus,"{28860: ([93, 97, 101], 0.02608695652173913), 35484: ([6, 10, 14], 0.11538461538461539), 35595: ([5, 11, 17], 0.10344827586206896), 36701: ([0, 38, 41], 0.06818181818181818)}"
q3,"{29267: ([5265], 0.0001751006828926633), 31334: ([2], 0.013157894736842105)}"
q4,"{29267: ([5285], 0.0001751006828926633)}"
qboo,"{28983: ([99], 0.006944444444444444)}"
qfoo,"{28983: ([57], 0.006944444444444444)}"
quits,"{29061: ([73], 0.002347417840375587)}"
qempty,"{29444: ([412], 0.0013568521031207597)}"
qsize,"{29444: ([413, 466], 0.0027137042062415195)}"
qstr,"{29444: ([470], 0.0013568521031207597)}"
queuetestdequeue1test,"{29444: ([596, 611], 0.0027137042062415195)}"
queuetestenqueue,"{29444: ([425], 0.0013568521031207597)}"
queuetype,"{29444: ([92, 96], 0.0027137042062415195)}"
quicker,"{29328: ([32], 0.02040816326530612)}"
quickselect,"{29328: ([31], 0.02040816326530612)}"
qux,"{29438: ([1343], 0.00032690421706440013)}"
quantitatively,"{29806: ([286], 0.0022471910112359553), 31683: ([133], 0.0003875968992248062)}"
qclass,"{30470: ([664], 0.0013245033112582781)}"
qtype,"{30470: ([663], 0.0013245033112582781)}"
quickest,"{30219: ([91], 0.008403361344537815)}"
qoe,"{30804: ([260, 265, 321, 378], 0.0066555740432612314)}"
quang,"{30830: ([199, 508, 516], 0.0049504950495049506)}"
quarterclassclass,"{30571: ([28], 0.014492753623188406)}"
queuefullexception,"{30574: ([29], 0.019230769230769232)}"
quick,"{30582: ([20], 0.02857142857142857), 30720: ([1], 0.01020408163265306), 30973: ([15], 0.05555555555555555), 31007: ([1], 0.009345794392523364), 31041: ([49], 0.011111111111111112), 31042: ([130], 0.0012453300124533001), 31182: ([1], 0.009615384615384616), 31303: ([1], 0.01020408163265306), 31307: ([1], 0.00980392156862745), 31421: ([16], 0.014705882352941176), 31488: ([3], 0.011111111111111112), 31603: ([4], 0.034482758620689655), 31852: ([3], 0.010869565217391304), 31993: ([20], 0.03225806451612903), 32050: ([1], 0.013333333333333334), 32324: ([20], 0.03225806451612903), 32356: ([15], 0.05555555555555555), 32428: ([4], 0.034482758620689655), 32662: ([15], 0.038461538461538464), 32821: ([18], 0.047619047619047616), 33045: ([1], 0.010101010101010102), 33100: ([190], 0.001288659793814433), 33204: ([1], 0.020833333333333332), 33353: ([5], 0.010416666666666666), 33446: ([1], 0.009900990099009901), 33530: ([7], 0.010526315789473684), 33636: ([12], 0.027777777777777776), 33940: ([3], 0.011363636363636364), 34015: ([9], 0.0064516129032258064), 34316: ([18], 0.037037037037037035), 34337: ([1], 0.009708737864077669), 34416: ([15], 0.024390243902439025), 34459: ([20], 0.03225806451612903), 35798: ([5], 0.011111111111111112), 35817: ([1], 0.009345794392523364), 35986: ([1], 0.0136986301369863), 36189: ([190], 0.001288659793814433), 36220: ([3], 0.008264462809917356), 36352: ([20], 0.02857142857142857), 36468: ([3], 0.012048192771084338), 36578: ([5], 0.011494252873563218), 36807: ([1], 0.013333333333333334), 36884: ([1], 0.020833333333333332), 37286: ([37], 0.014084507042253521), 37415: ([3], 0.010101010101010102), 37704: ([3], 0.010752688172043012)}"
queue33py,"{30944: ([52], 0.0034482758620689655)}"
qenqueue,"{31567: ([4, 8, 12], 0.005291005291005291)}"
quadrilaterals,"{31639: ([21], 0.00909090909090909)}"
quail,"{31683: ([2073], 0.0003875968992248062)}"
qualitatively,"{31683: ([138], 0.0003875968992248062)}"
querystr,"{31441: ([147, 325], 0.005194805194805195)}"
quorum,"{31694: ([264], 0.0028169014084507044)}"
quotable,"{31683: ([2578], 0.0003875968992248062)}"
quoting,"{31683: ([1393], 0.0003875968992248062)}"
qosa,"{31984: ([1660], 0.00036075036075036075)}"
qbitz,"{32366: ([2], 0.010638297872340425)}"
question,"{32151: ([1197, 1692, 1699, 1947, 1978, 3266, 3646], 0.0018822264049475664), 32244: ([107], 0.0072992700729927005), 32738: ([94], 0.0020408163265306124), 32787: ([1054, 1114, 1538], 0.0011066027296200663), 32852: ([106], 0.005076142131979695), 33154: ([1197, 1539, 1546, 2565, 2945], 0.0015969338869370809), 34716: ([894, 1445, 1452, 2293, 2673], 0.0014753614635585719), 35201: ([285], 0.0029940119760479044), 35544: ([270], 0.00211864406779661), 37010: ([228], 0.0034965034965034965), 37109: ([219], 0.003937007874015748), 37174: ([1242, 1268, 1732], 0.0008653014133256418)}"
q1i,"{32781: ([213], 0.004)}"
qualifis,"{32728: ([1744], 0.0005707762557077625)}"
que,"{32728: ([499, 1049, 1072], 0.0017123287671232876)}"
questionnaire,"{32757: ([8], 0.009708737864077669), 35544: ([57], 0.00211864406779661)}"
quune,"{32728: ([1162], 0.0005707762557077625)}"
qa,"{33100: ([591], 0.001288659793814433), 36189: ([591], 0.001288659793814433), 38194: ([343, 343], 0.0006353240152477764)}"
quasimodos,"{33321: ([0, 24, 28], 0.09375)}"
queen,"{33019: ([0, 37, 39], 0.07317073170731707), 33131: ([906], 0.000731528895391368), 36136: ([1, 33, 35], 0.08333333333333333), 36624: ([7], 0.008928571428571428)}"
questionanswering,"{33092: ([56], 0.015384615384615385)}"
quiescence,"{32942: ([33, 60], 0.03125)}"
queueing,"{33770: ([2, 5, 8], 0.3333333333333333), 35643: ([2, 5, 8], 0.3333333333333333)}"
quinlan,"{33987: ([4], 0.03125)}"
qualifying,"{34454: ([4], 0.0064516129032258064)}"
quotas,"{34429: ([4], 0.029411764705882353)}"
quantitative,"{34720: ([121], 0.004901960784313725), 38503: ([17, 17], 0.0006353240152477764), 38608: ([47], 0.007246376811594203)}"
quadratictime,"{35069: ([136], 0.004629629629629629)}"
quell,"{35759: ([630], 0.0009090909090909091)}"
qiang,"{36108: ([77], 0.0024937655860349127)}"
qiangz,"{36108: ([238], 0.0024937655860349127)}"
quebec,"{25152: ([633], 0.001422475106685633)}"
quicksim,"{36456: ([376], 0.0014534883720930232)}"
qindex,"{36988: ([84, 85], 0.023255813953488372)}"
quarterlty,"{37277: ([211], 0.001976284584980237)}"
qt,"{37771: ([29], 0.0017211703958691911)}"
queuehpp,"{37475: ([28, 49], 0.0070921985815602835)}"
quartz,"{37988: ([105, 186], 0.0106951871657754), 38002: ([76, 76], 0.0006353240152477764), 38004: ([2, 24, 46], 0.04411764705882353), 38094: ([2, 24, 46, 73, 2, 24, 46, 73], 0.0025412960609911056), 38119: ([67, 67], 0.0007089684509039348), 38263: ([19], 0.002785515320334262), 38300: ([0, 22, 44], 0.045454545454545456), 38406: ([2, 30, 58, 2, 30, 58], 0.0019059720457433292), 38465: ([27, 92], 0.021505376344086023), 38526: ([38, 38], 0.0006353240152477764), 38536: ([73], 0.0053475935828877), 38566: ([61], 0.005681818181818182)}"
queijo,"{37845: ([94], 0.010416666666666666)}"
qualitative,"{38503: ([9, 9], 0.0006353240152477764), 38608: ([45], 0.007246376811594203)}"
quantile,"{38608: ([63], 0.007246376811594203)}"
