xiaobo,"{18229: ([24], 0.02127659574468085)}"
xu,"{18229: ([29], 0.02127659574468085), 18319: ([323, 600, 613], 0.0028763183125599234), 25965: ([5], 0.018518518518518517), 27345: ([4, 34], 0.04878048780487805), 29267: ([2651], 0.0001751006828926633), 30179: ([4, 5, 36], 0.06666666666666667), 30882: ([4, 34], 0.04878048780487805), 32450: ([18], 0.015873015873015872), 32762: ([9, 63], 0.02666666666666667), 38068: ([13], 0.00392156862745098), 38599: ([2], 0.01639344262295082), 38631: ([211], 0.003816793893129771), 38661: ([8, 14], 0.011560693641618497), 38669: ([0], 0.017241379310344827), 38687: ([19], 0.009708737864077669)}"
xii,"{18821: ([0, 31, 32], 0.09090909090909091)}"
xxx,"{18656: ([126, 127], 0.008771929824561403), 20590: ([18], 0.030303030303030304), 23882: ([0, 20], 0.03278688524590164), 24455: ([0, 20], 0.041666666666666664), 25259: ([14, 21, 112, 114], 0.03361344537815126), 28933: ([10], 0.006944444444444444), 32015: ([8, 43], 0.0425531914893617), 32544: ([19], 0.022727272727272728), 37806: ([3, 45, 49], 0.06)}"
xerox,"{19054: ([34, 39, 41], 0.06382978723404255), 20741: ([511], 0.001288659793814433), 21054: ([55], 0.005291005291005291), 22078: ([161], 0.005780346820809248), 22524: ([18], 0.02702702702702703), 25285: ([275], 0.0017421602787456446), 26559: ([9, 26], 0.018518518518518517), 27115: ([11], 0.019230769230769232), 29325: ([25], 0.021739130434782608), 31707: ([17], 0.02857142857142857), 32123: ([353], 0.0019801980198019802), 32720: ([31], 0.016666666666666666), 33100: ([511], 0.001288659793814433), 33557: ([636], 0.001379310344827586), 36189: ([511], 0.001288659793814433), 36652: ([4], 0.01020408163265306), 37219: ([79], 0.010638297872340425)}"
xtk,"{19084: ([230, 461, 691], 0.0032751091703056767)}"
xmas,"{19694: ([1, 39, 42], 0.06818181818181818), 21411: ([0, 33, 35], 0.08108108108108109), 25186: ([2, 37, 41], 0.06976744186046512)}"
xyz10,"{20058: ([679], 0.0013422818791946308)}"
x500ldap,"{20303: ([3, 17, 34, 38], 0.10256410256410256)}"
x6486i386,"{20096: ([6], 0.017241379310344827)}"
xbox,"{20138: ([4, 18], 0.07142857142857142)}"
xcode,"{20272: ([40, 46], 0.0425531914893617), 20422: ([17], 0.020833333333333332), 28014: ([73, 74, 76, 90, 104, 106, 109, 111, 113, 121, 150, 233], 0.04878048780487805)}"
xi,"{20848: ([2, 37, 40], 0.07317073170731707), 21671: ([22], 0.02), 22371: ([0, 31, 32], 0.09090909090909091), 29475: ([120], 0.005847953216374269), 34462: ([4, 9], 0.2), 34821: ([76], 0.00980392156862745), 36092: ([3, 39, 43], 0.06818181818181818), 36100: ([2, 35, 38], 0.07692307692307693)}"
x2,"{21235: ([126, 155, 159, 166, 170, 173], 0.02), 21671: ([17], 0.02), 21674: ([115, 144, 148], 0.011538461538461539), 24750: ([378], 0.0004038772213247173), 25114: ([698, 699, 1571], 0.001729106628242075), 32300: ([184], 0.00034602076124567473), 37598: ([555], 0.0016129032258064516)}"
x3,"{21235: ([165, 167, 168, 171], 0.013333333333333334), 24750: ([304], 0.0004038772213247173)}"
x86based,"{21101: ([10], 0.019230769230769232)}"
xin,"{20977: ([71], 0.0072992700729927005), 30830: ([507, 515], 0.0033003300330033004), 33220: ([96], 0.005917159763313609), 34598: ([50], 0.01098901098901099), 38631: ([121], 0.003816793893129771)}"
xvar,"{21056: ([397], 0.00228310502283105), 23248: ([21, 48], 0.02040816326530612)}"
x0,"{21671: ([19, 33], 0.04), 25114: ([674, 732], 0.0011527377521613833), 31214: ([408], 0.0021929824561403508)}"
xdecwindows,"{21431: ([310], 0.0016155088852988692)}"
xi1,"{21671: ([30], 0.02)}"
xiao,"{21346: ([2], 0.008620689655172414)}"
xiv,"{21521: ([0, 29, 30], 0.0967741935483871)}"
xk1,"{21671: ([15], 0.02)}"
xml,"{21416: ([33], 0.01694915254237288), 21872: ([39, 43, 157], 0.01875), 22718: ([23, 25], 0.06666666666666667), 22930: ([8], 0.023255813953488372), 23908: ([23], 0.025), 24228: ([25, 30, 40], 0.046153846153846156), 24692: ([20, 25, 35], 0.01485148514851485), 24722: ([58], 0.007633587786259542), 25515: ([3, 13, 22, 27], 0.13793103448275862), 25617: ([3, 6, 9], 0.16666666666666666), 25847: ([8], 0.030303030303030304), 26034: ([4, 13], 0.09523809523809523), 26410: ([5], 0.07692307692307693), 26533: ([36, 56], 0.01694915254237288), 26820: ([34], 0.0196078431372549), 27240: ([13], 0.047619047619047616), 27648: ([58, 298, 302, 306, 310, 314, 318, 322, 326, 330, 334, 338, 342, 346, 350, 448, 615, 619, 623, 627, 631, 635, 639, 643, 647, 651, 655, 659, 663, 667, 671, 675, 679, 683, 692, 698], 0.05056179775280899), 27650: ([7], 0.021739130434782608), 27717: ([73], 0.010309278350515464), 28685: ([7], 0.03571428571428571), 28857: ([3, 8], 0.2), 28933: ([11, 12], 0.013888888888888888), 29123: ([23], 0.030303030303030304), 29623: ([11, 17, 29], 0.057692307692307696), 29832: ([50], 0.010752688172043012), 30272: ([23], 0.030303030303030304), 30424: ([81, 198, 202, 206, 210, 214, 221, 225, 229, 244, 248, 252, 283, 287, 291, 306, 314, 385, 389, 393, 397, 401, 417, 421, 425, 765, 769, 773, 792, 796, 800, 804, 808], 0.03937947494033413), 30482: ([227], 0.0025), 30607: ([84, 101, 114], 0.014492753623188406), 31038: ([64], 0.0027548209366391185), 31662: ([12], 0.0625), 31947: ([65, 154, 329, 331], 0.011494252873563218), 32728: ([1368, 1371, 1375, 1379, 1383, 1387, 1391, 1395, 1399, 1403, 1407, 1411, 1415, 1419, 1423, 1427, 1431, 1435, 1439, 1443, 1447, 1451, 1455, 1459, 1463, 1467, 1471, 1475, 1479, 1483, 1487, 1491, 1495, 1556, 1627, 1700, 1706, 1713, 1721, 1725, 1735], 0.023401826484018264), 32744: ([0, 5], 0.2), 33130: ([23, 25], 0.06666666666666667), 33669: ([11], 0.02702702702702703), 33725: ([6], 0.07142857142857142), 33896: ([12], 0.0625), 34019: ([13, 14], 0.015037593984962405), 34985: ([52, 305, 309, 313, 317, 321, 325, 329, 416, 420, 424, 552, 582, 586, 590, 594, 609, 613, 619, 623, 627, 631, 635, 641, 645, 649, 653], 0.03924418604651163), 35005: ([11], 0.024390243902439025), 35058: ([11, 16], 0.010416666666666666), 35703: ([469, 474, 478, 482, 486, 490, 494, 498, 502, 506, 510, 514, 518, 522, 526, 530, 534, 538, 542, 546, 550, 554, 558, 562, 566, 570, 574, 578, 582, 586, 590, 594, 598, 657, 711, 746, 752, 758, 762, 768, 771, 897, 907, 948, 1153, 1157, 1161, 1165, 1169, 1173, 1177, 1181, 1185, 1189, 1193, 1197, 1201, 1205, 1281, 1294, 1300, 1303, 1532, 1536, 1540, 1544, 1548, 1552, 1556, 1560, 1564, 1568, 1572, 1576, 1580, 1584, 1588, 1592, 1596, 1600, 1621, 1627], 0.0496969696969697), 35739: ([23], 0.02702702702702703), 36059: ([20], 0.01818181818181818), 36145: ([64], 0.006134969325153374), 36178: ([106], 0.008928571428571428), 36404: ([2, 9], 0.14285714285714285), 37671: ([0, 18, 23, 42, 47], 0.09615384615384616)}"
xmosaic,"{21431: ([199], 0.0016155088852988692)}"
x50910,"{21812: ([14], 0.007575757575757576)}"
xappend,"{22062: ([104, 107], 0.00816326530612245), 34031: ([104, 107], 0.008333333333333333)}"
xiaohui,"{22213: ([709], 0.00014058765640376775), 23568: ([3, 5, 13], 0.14285714285714285), 24508: ([187], 0.001392757660167131), 24644: ([748], 0.00013945056477478735), 25580: ([766], 0.00013910140492418973), 34677: ([318], 0.002531645569620253)}"
xie,"{22213: ([710, 712], 0.0002811753128075355), 23568: ([4, 6, 14], 0.14285714285714285), 24508: ([188], 0.001392757660167131), 24644: ([749, 751], 0.0002789011295495747), 25580: ([767, 769], 0.00027820280984837946), 26330: ([4], 0.027777777777777776), 29267: ([2276], 0.0001751006828926633), 32006: ([2397], 0.00018656716417910448), 34677: ([173, 319], 0.005063291139240506), 38287: ([46], 0.0025)}"
xref,"{22319: ([37], 0.02127659574468085), 29829: ([8], 0.047619047619047616), 37652: ([4], 0.05)}"
x4,"{22870: ([436], 0.0004268032437046522)}"
x400,"{22806: ([81], 0.00980392156862745), 28168: ([84], 0.010416666666666666)}"
x47,"{22870: ([431], 0.0004268032437046522)}"
x7,"{22870: ([415], 0.0004268032437046522)}"
xabs,"{22870: ([2158], 0.0004268032437046522)}"
xcompare,"{22870: ([1563], 0.0004268032437046522)}"
xcompareto,"{22870: ([1574, 1577], 0.0008536064874093043)}"
xmultiply,"{22870: ([1506], 0.0004268032437046522)}"
xradius,"{22641: ([654, 1100], 0.0015923566878980893)}"
xs,"{22713: ([221], 0.0015360983102918587)}"
xx,"{22594: ([42], 0.008)}"
xiaofan,"{23108: ([179, 179], 0.00038587690526721975), 31319: ([179], 0.005025125628140704), 35172: ([152], 0.005813953488372093)}"
xcpp,"{23411: ([21], 0.010526315789473684)}"
xhpp,"{23411: ([22], 0.010526315789473684)}"
xv6,"{24072: ([10, 19, 42, 43, 49], 0.06944444444444445), 24670: ([42, 92], 0.00823045267489712), 24702: ([40], 0.0078125), 26506: ([21, 34, 48, 57, 72, 73, 79], 0.050359712230215826), 27647: ([40, 115], 0.009950248756218905), 27926: ([51, 95], 0.014184397163120567), 29422: ([44, 125], 0.009009009009009009), 29442: ([42, 116], 0.00847457627118644), 29824: ([64], 0.006172839506172839), 31257: ([42, 116], 0.00847457627118644), 31587: ([7], 0.008130081300813009), 37468: ([25, 34, 57, 58, 64], 0.05747126436781609)}"
x,"{24099: ([55], 0.01020408163265306), 24160: ([29, 30, 31, 32, 33, 34, 36, 39, 40, 43, 44, 45, 48, 49, 53, 55, 65, 67, 69, 71, 81, 82, 87, 88, 90, 93, 181, 188, 195], 0.11284046692607004), 24312: ([216, 217, 351, 352, 410, 416, 420, 424, 428, 430, 436, 446, 454, 460, 466, 472, 494, 497, 517, 524, 570, 573, 632, 640, 646, 652, 658, 674, 677, 697, 704, 881, 969, 974, 1146, 1176, 2076, 2081], 0.018138424821002388), 24354: ([53, 58, 63], 0.02654867256637168), 24415: ([1], 0.1), 24525: ([22, 24], 0.07692307692307693), 24722: ([103], 0.007633587786259542), 24750: ([95, 100, 103, 107, 111, 116, 117, 125, 128, 131, 135, 139, 144, 147, 158, 159, 282, 285, 294, 296, 300, 306, 338, 340, 341, 369, 374, 377, 380, 384, 389, 392, 537, 603, 607, 609, 611, 612, 614, 668, 731, 733, 736, 738, 740, 743, 853, 867, 881, 887, 891, 894, 1024, 1028, 1030, 1033, 1049, 1058, 1059, 1067, 1089, 1091, 1094, 1096, 1099, 1111, 1113, 1114, 1180, 1182, 1185, 1190, 1195, 1196, 1197, 1207, 1677, 1710, 1751, 1755, 1759, 1764, 1767, 1779, 1803, 1806, 1809, 1813, 1816, 1818, 1821, 1824, 1830], 0.03756058158319871), 24963: ([4, 22, 27], 0.04285714285714286), 25013: ([13, 15, 17], 0.045454545454545456), 25022: ([59], 0.0136986301369863), 25102: ([250], 0.003676470588235294), 25114: ([55, 58, 479, 481, 484, 486, 490, 492, 678, 680, 684, 687, 689, 693, 694, 700, 735, 736, 740, 744, 745, 749, 758, 760, 763, 835, 840, 842, 1033, 1042, 1048, 1052, 1070, 1158, 1161, 1164, 1168, 1174, 1175, 1179, 1291, 1297, 1336, 1357, 1358, 1360, 1361, 1363, 1366, 1470, 1471, 1483, 1486, 1489, 1491, 1494, 1499, 1502, 1503, 1504, 1507, 1510, 1514, 1516, 1517, 1520, 1523, 1547, 1550, 1551, 1552, 1554, 1556, 1558, 1561, 1578, 1593, 1600, 1601, 1602, 1603, 1604, 1606, 1644, 1648, 1651, 1653], 0.05014409221902017), 25174: ([52, 53], 0.01818181818181818), 25184: ([61], 0.012987012987012988), 25193: ([13, 15, 17, 23, 26, 28, 29, 30, 31, 33, 34, 132, 134, 135, 137, 138], 0.08465608465608465), 25323: ([5, 12], 0.013888888888888888), 25526: ([136, 147], 0.010638297872340425), 25578: ([209, 212, 213], 0.008379888268156424), 25849: ([33, 35, 43, 45, 47, 49, 52], 0.047619047619047616), 26271: ([4, 28, 43], 0.0625), 26356: ([1, 4, 8, 9, 39, 44, 59, 64, 125, 129, 138, 143, 152, 158, 159, 160], 0.07142857142857142), 26374: ([41, 46, 72, 79], 0.04040404040404041), 26399: ([190, 193, 725, 728, 800, 806, 810, 813, 817, 820, 826, 833, 839, 843, 846, 850, 873, 876, 896, 902, 946, 949, 954, 1020, 1026, 1030, 1033, 1037, 1054, 1055, 1075, 1081, 1241, 1293, 1323, 1327, 1465, 2437, 2443], 0.015853658536585366), 26510: ([4, 6, 8, 10, 12, 14, 16, 18, 20, 22, 24, 26, 28], 0.2765957446808511), 26633: ([33, 37, 40, 44], 0.08695652173913043), 27140: ([5], 0.047619047619047616), 27149: ([54, 58, 61], 0.03571428571428571), 27188: ([63, 67, 115, 119, 121, 125, 127, 131, 133, 137, 166], 0.05913978494623656), 27229: ([44], 0.006993006993006993), 27343: ([171, 172], 0.0106951871657754), 27404: ([46, 160, 161, 163, 176, 254, 277, 280, 300, 343, 406, 409], 0.023166023166023165), 27419: ([186, 249, 257, 348], 0.005943536404160475), 27526: ([68], 0.003246753246753247), 27724: ([3, 4, 8, 13, 15, 17, 24, 44, 46, 49, 53, 58, 62, 69, 91, 143], 0.07339449541284404), 27876: ([23, 29, 30, 35, 53, 84, 94, 105, 117, 149, 152, 158], 0.07407407407407407), 27926: ([18, 31], 0.014184397163120567), 27934: ([76, 233, 235], 0.010869565217391304), 27951: ([93, 97, 98, 100, 101, 103, 104, 106, 107, 112, 131, 134, 137, 149, 175, 178, 181, 183, 187, 224, 225, 226, 227, 228, 230, 231], 0.11206896551724138), 27998: ([5, 22, 30], 0.0967741935483871), 28014: ([15, 69, 118], 0.012195121951219513), 28227: ([5, 6], 0.04081632653061224), 28255: ([1, 8, 13, 21, 30, 36, 39, 47, 53, 65, 73, 78, 81, 96, 106, 115, 123, 127, 130, 133, 140, 147, 157, 165, 169, 172, 175, 186, 194, 198, 202], 0.12863070539419086), 28261: ([1], 0.1), 28310: ([42, 43, 44, 45], 0.05714285714285714), 28473: ([2, 12, 15, 17, 26, 41], 0.06060606060606061), 28496: ([10], 0.004901960784313725), 28550: ([773, 857, 871], 0.002506265664160401), 28636: ([97, 98, 99], 0.020833333333333332), 28804: ([55], 0.008333333333333333), 28983: ([0, 3, 5, 8, 10, 13, 14, 17, 40, 43, 46, 49, 68, 69, 82, 83], 0.1111111111111111), 29022: ([19, 102, 280], 0.00964630225080386), 29102: ([129], 0.004201680672268907), 29342: ([56, 57, 159, 160, 162, 163, 165, 166, 168, 169, 187, 206, 207, 208, 357, 358, 359, 360, 361, 363, 364, 368, 369, 370], 0.060759493670886074), 29444: ([348], 0.0013568521031207597), 29476: ([30], 0.006802721088435374), 29636: ([9, 37, 44, 61, 65, 69, 193, 201, 243, 303, 307, 326], 0.03418803418803419), 30274: ([88, 90, 92, 94], 0.03361344537815126), 30279: ([43, 256], 0.0070921985815602835), 30470: ([68, 681, 682], 0.003973509933774834), 30471: ([23, 24, 28], 0.010869565217391304), 30623: ([83, 111], 0.011834319526627219), 30714: ([24, 52, 54, 105, 108, 109, 354, 379, 382, 383, 385, 414, 416, 422, 428, 582, 589, 600, 610, 623, 638, 642, 692, 771, 773, 801, 803, 806, 809, 816, 853, 911, 914, 951, 972, 974, 976, 979], 0.038539553752535496), 30944: ([27, 28, 30, 32, 35, 39], 0.020689655172413793), 31214: ([145, 150, 153, 323, 332, 350, 354, 365, 369, 372, 386, 390, 396, 406, 415, 418, 428, 433], 0.039473684210526314), 31284: ([53], 0.006369426751592357), 31379: ([68], 0.011235955056179775), 31411: ([40, 41], 0.029850746268656716), 31639: ([31, 32, 81, 85, 108, 109], 0.05454545454545454), 31683: ([51], 0.0003875968992248062), 31691: ([31, 32, 33, 34, 35, 36, 39, 40, 42, 73, 75, 77], 0.06976744186046512), 31839: ([0, 11, 12, 13, 40, 41, 45], 0.024475524475524476), 31853: ([1, 35, 37], 0.07894736842105263), 32111: ([72, 76], 0.015748031496062992), 32147: ([18, 25, 27, 30, 34, 38, 46, 51, 56, 60, 62, 67, 69, 71, 73, 76, 78, 80, 82, 84, 92, 94, 96, 99, 100, 101, 102, 103, 104, 108, 111, 115, 120, 130, 142, 146, 149, 150, 151, 152, 156, 158, 159, 231, 287, 498, 500, 504, 506, 514, 516, 519, 520, 523, 525, 527, 530, 534, 551, 554, 556, 557, 559, 562, 564, 567, 569, 571], 0.11428571428571428), 32300: ([45, 380, 418, 420, 430, 1587, 1592, 1875, 1900, 1906, 1914, 2002, 2006, 2010, 2029, 2036, 2044, 2048, 2061, 2669], 0.006920415224913495), 32325: ([62], 0.0036363636363636364), 32570: ([7], 0.04), 32661: ([56, 58, 175], 0.016853932584269662), 32781: ([63, 71, 76, 103, 105, 113, 124, 127, 133, 137, 141, 148, 153, 158, 164, 170, 171, 183, 186], 0.076), 32924: ([5, 6], 0.04081632653061224), 33589: ([1], 0.1), 33621: ([23], 0.011764705882352941), 33731: ([17], 0.013513513513513514), 33782: ([5, 7], 0.043478260869565216), 34031: ([45, 48, 50, 73, 78, 80, 83, 87, 89, 91, 92, 95, 96, 99, 100, 106, 111, 152, 157, 158, 160, 162, 165, 167, 170, 172, 174, 175, 177, 179, 182, 185, 187, 222, 224, 236], 0.15), 34144: ([20, 27, 29, 32, 36, 40, 48, 53, 59, 64, 66, 71, 73, 75, 78, 84, 90, 101, 105, 108, 109, 112, 113, 114, 115, 119, 122, 126, 130, 140, 143, 155, 159, 162, 163, 164, 166, 170, 172, 175, 248, 294, 498, 500, 504, 506, 514, 516, 519, 520, 523, 525, 527, 530, 546, 551, 553, 556, 560, 563, 565, 568, 572, 574], 0.10756302521008404), 34302: ([90, 122, 144], 0.003926701570680628), 34339: ([11], 0.058823529411764705), 34593: ([93, 98, 100, 105], 0.037383177570093455), 34812: ([85, 238], 0.007575757575757576), 34993: ([26], 0.03571428571428571), 35033: ([2, 28, 31], 0.09375), 35277: ([8], 0.023255813953488372), 35372: ([36], 0.022222222222222223), 35399: ([2, 37, 40], 0.07317073170731707), 35713: ([35, 38, 41, 49, 55, 61, 62, 64, 72], 0.11538461538461539), 35813: ([12], 0.010526315789473684), 35852: ([31, 33, 120, 124, 128], 0.01984126984126984), 36186: ([31, 32], 0.05714285714285714), 36227: ([3], 0.015625), 36456: ([230, 232, 234, 236, 238, 240, 542], 0.010174418604651164), 36962: ([54, 293, 296, 302, 437, 439, 441, 466, 470, 477, 478, 481, 484, 486, 488, 490, 610, 613, 615, 616, 769], 0.02073050345508391), 37108: ([38, 166, 556, 558, 564], 0.00697350069735007), 37204: ([36, 43, 46], 0.013888888888888888), 37397: ([276], 0.0033783783783783786), 37475: ([102, 105, 108], 0.010638297872340425), 37598: ([20, 30, 36, 39, 56, 70, 77, 79, 81, 83, 84, 85, 87, 89, 101, 163, 166, 172, 175, 176, 179, 181, 194, 201, 203, 205, 207, 211, 213, 214, 218, 221, 222, 226, 228, 230, 242, 384, 387, 390, 535, 539, 540, 541, 543, 545, 547, 550, 561, 576, 584, 585, 586, 587, 588, 589, 600, 605, 608, 610], 0.0967741935483871), 37614: ([62], 0.012658227848101266), 37628: ([318], 0.0029239766081871343), 37745: ([76, 77], 0.00847457627118644), 37776: ([28, 29, 31], 0.09375)}"
x509,"{24201: ([13], 0.018867924528301886)}"
xanadu,"{24099: ([21, 22], 0.02040816326530612), 26632: ([12], 0.008620689655172414), 27343: ([176], 0.0053475935828877)}"
x1,"{24750: ([76, 382, 1027, 1046, 1179, 1187, 1210], 0.002827140549273021), 25114: ([681, 682, 688, 759, 765, 1036, 1066, 1083, 1100, 1102, 1103, 1569], 0.0069164265129683), 27404: ([342], 0.0019305019305019305), 28255: ([24, 68, 118, 160, 189], 0.02074688796680498), 32147: ([22, 40, 43, 105], 0.0067226890756302525), 32300: ([180], 0.00034602076124567473), 34144: ([24, 42, 45, 116], 0.0067226890756302525), 37598: ([23, 53, 69, 111, 113, 114, 553], 0.01129032258064516)}"
x5,"{24750: ([277, 1706], 0.0008077544426494346), 32300: ([52, 63, 68, 71, 415], 0.0017301038062283738)}"
xiangen,"{24785: ([10], 0.05555555555555555)}"
xiaohuixie,"{24508: ([184], 0.001392757660167131), 34677: ([179], 0.002531645569620253)}"
xinru,"{24508: ([162], 0.001392757660167131), 26510: ([37, 42], 0.0425531914893617), 26936: ([26, 29], 0.0625), 28901: ([24, 29], 0.058823529411764705), 34860: ([1, 6], 0.18181818181818182), 35175: ([26, 29], 0.0625), 37986: ([0, 0], 0.0006353240152477764), 38190: ([2, 2], 0.0006353240152477764), 38516: ([2], 0.004545454545454545)}"
xx1,"{24750: ([1208], 0.0004038772213247173)}"
x10,"{25114: ([488, 495], 0.0011527377521613833)}"
x35,"{25114: ([833, 834], 0.0011527377521613833)}"
xe,"{25114: ([692], 0.0005763688760806917)}"
xhtml,"{25136: ([19, 37, 121, 124, 150], 0.031446540880503145)}"
xx2,"{25114: ([701], 0.0005763688760806917)}"
xclose,"{26356: ([0], 0.004464285714285714)}"
xdelitem,"{26356: ([61, 68], 0.008928571428571428)}"
xgetitem,"{26356: ([145, 147, 150], 0.013392857142857142)}"
xiter,"{26356: ([126, 139, 142], 0.013392857142857142)}"
xnext,"{26356: ([130], 0.004464285714285714)}"
xnor,"{26217: ([15], 0.030303030303030304), 26286: ([15], 0.030303030303030304), 36403: ([31], 0.024390243902439025), 36456: ([202], 0.0014534883720930232)}"
xrefintxt,"{26399: ([71], 0.0004065040650406504)}"
xrefpy,"{26399: ([70], 0.0004065040650406504)}"
xreversed,"{26356: ([161], 0.004464285714285714)}"
xguard,"{26533: ([31], 0.00847457627118644)}"
x12,"{27404: ([332], 0.0019305019305019305)}"
x500,"{27343: ([175], 0.0053475935828877), 28168: ([6, 92, 94], 0.03125), 29832: ([43], 0.010752688172043012), 30788: ([49, 84, 103], 0.015789473684210527), 36565: ([14, 28], 0.038461538461538464), 37132: ([7, 16, 25, 47], 0.0425531914893617)}"
xbm,"{27343: ([174], 0.0053475935828877)}"
xcmd,"{27343: ([180], 0.0053475935828877)}"
xcount,"{27404: ([63], 0.0019305019305019305)}"
xjava,"{27540: ([17], 0.012987012987012988)}"
xory,"{27404: ([334], 0.0019305019305019305)}"
xcodeselect,"{28014: ([143], 0.0040650406504065045), 37097: ([19], 0.019230769230769232)}"
xen,"{27737: ([114], 0.002380952380952381)}"
xensummit,"{27737: ([300], 0.002380952380952381)}"
xentt,"{27737: ([109], 0.002380952380952381), 32884: ([145], 0.0033444816053511705), 37351: ([145], 0.0033444816053511705)}"
xrmi,"{27734: ([351], 0.0012062726176115801)}"
xremove,"{28473: ([10, 13, 22, 39], 0.04040404040404041)}"
xy,"{28255: ([25, 29, 69, 119, 161, 190], 0.024896265560165973), 29636: ([66, 308], 0.005698005698005698), 32147: ([511], 0.0016806722689075631), 32781: ([145], 0.004), 34144: ([511], 0.0016806722689075631), 34339: ([10, 13], 0.11764705882352941), 35372: ([39], 0.022222222222222223)}"
x257,"{28550: ([1028], 0.000835421888053467)}"
x263,"{28550: ([1055], 0.000835421888053467)}"
x269,"{28550: ([1082], 0.000835421888053467)}"
x275,"{28550: ([1109], 0.000835421888053467)}"
x79,"{28550: ([1017], 0.000835421888053467)}"
x82,"{28550: ([1044], 0.000835421888053467)}"
x85,"{28550: ([1071], 0.000835421888053467)}"
x88,"{28550: ([1098], 0.000835421888053467)}"
xiii,"{28661: ([0, 29, 30], 0.0967741935483871), 34077: ([1, 31, 33], 0.08823529411764706)}"
xadl,"{29219: ([85], 0.007194244604316547), 33443: ([38], 0.009433962264150943), 34216: ([4], 0.021739130434782608)}"
xdict,"{28983: ([2], 0.006944444444444444)}"
xl,"{29052: ([17], 0.02702702702702703), 30782: ([20], 0.022727272727272728), 33748: ([18], 0.025), 34688: ([18], 0.025), 34934: ([18], 0.025), 35251: ([20], 0.022727272727272728)}"
xfig,"{29487: ([47], 0.02)}"
xni,"{30005: ([13], 0.00819672131147541)}"
xnx,"{30005: ([12], 0.00819672131147541)}"
xp,"{29750: ([18], 0.01282051282051282), 29879: ([27], 0.014925373134328358), 31850: ([158, 181], 0.010416666666666666), 34051: ([158, 181], 0.010416666666666666), 34743: ([78], 0.0037313432835820895)}"
xtra,"{29980: ([85], 0.01020408163265306)}"
xcolors,"{30470: ([723], 0.0013245033112582781)}"
xray,"{30219: ([39], 0.008403361344537815), 32617: ([354], 0.0008984725965858042)}"
xiaoxiang,"{30871: ([0, 16, 64, 79], 0.045454545454545456)}"
xlength,"{30714: ([620], 0.0010141987829614604)}"
xstep,"{30714: ([418], 0.0010141987829614604)}"
xtraterr,"{30883: ([225], 0.0014577259475218659)}"
x509v3,"{31686: ([11], 0.03125)}"
xmlfilename,"{31441: ([190, 350], 0.005194805194805195)}"
xmlio,"{31441: ([189, 349], 0.005194805194805195)}"
x86,"{32006: ([2679, 2689], 0.00037313432835820896), 33621: ([70], 0.011764705882352941)}"
x8664,"{32006: ([2710], 0.00018656716417910448)}"
xor,"{31739: ([35], 0.003367003367003367), 35894: ([132], 0.00641025641025641), 36456: ([51, 201], 0.0029069767441860465), 37123: ([2, 20, 24], 0.11538461538461539)}"
x1x2,"{32300: ([189, 190], 0.0006920415224913495)}"
xaxb,"{32147: ([286], 0.0016806722689075631), 34144: ([293], 0.0016806722689075631)}"
xprompt,"{32300: ([2045], 0.00034602076124567473)}"
xymathabs,"{32147: ([510], 0.0016806722689075631)}"
xcap,"{32884: ([136], 0.0033444816053511705), 37351: ([136], 0.0033444816053511705)}"
xform,"{32606: ([1, 32, 52, 57], 0.056338028169014086)}"
xai,"{33131: ([1283], 0.000731528895391368)}"
xkegio,"{32957: ([65], 0.013157894736842105)}"
xxxxxxxxx,"{33263: ([12], 0.011627906976744186)}"
x64,"{33621: ([24], 0.011764705882352941)}"
xarchscript,"{33443: ([35], 0.009433962264150943)}"
xlinkit,"{33443: ([31], 0.009433962264150943)}"
xyabs,"{34144: ([510], 0.0016806722689075631)}"
xyxy,"{34019: ([12], 0.007518796992481203)}"
xikar,"{34155: ([6, 48, 57], 0.05)}"
xtune,"{34734: ([102], 0.00546448087431694), 38691: ([0], 0.037037037037037035), 38692: ([0], 0.017857142857142856), 38693: ([0], 0.030303030303030304), 38694: ([0], 0.037037037037037035), 38695: ([0], 0.037037037037037035), 38696: ([0], 0.037037037037037035)}"
xxxx,"{35058: ([10], 0.005208333333333333), 35201: ([136, 137], 0.005988023952095809), 36108: ([289, 292, 298, 301, 304, 307, 310, 313, 316, 319, 367, 370], 0.029925187032418952), 37010: ([136, 137], 0.006993006993006993)}"
xz,"{35372: ([30, 34, 38], 0.06666666666666667)}"
xql,"{35739: ([24], 0.02702702702702703)}"
xsoftxeroxcom,"{35973: ([39], 0.025)}"
xvfz,"{35991: ([352], 0.001834862385321101), 37771: ([417], 0.0017211703958691911)}"
x01,"{36456: ([62], 0.0014534883720930232)}"
x01z,"{36456: ([63], 0.0014534883720930232)}"
xing,"{36383: ([36], 0.012658227848101266)}"
xattr,"{37598: ([76], 0.0016129032258064516)}"
xfce,"{37771: ([4], 0.0017211703958691911)}"
xianping,"{37788: ([16], 0.03571428571428571)}"
xn,"{37776: ([30], 0.03125)}"
xrefpl,"{37652: ([3], 0.05)}"
xianghua,"{38084: ([0, 85, 94, 0, 85, 94], 0.0019059720457433292), 38501: ([6, 6], 0.0006353240152477764)}"
xiangyu,"{37868: ([15, 15], 0.0007089684509039348)}"
xtractaurs,"{38113: ([51], 0.0125)}"
xianyang,"{38687: ([16], 0.009708737864077669)}"
xihong,"{38631: ([212], 0.003816793893129771)}"
xueying,"{38631: ([200], 0.003816793893129771)}"
