yeast,"{12691: ([5242], 9.857072449482504e-05), 14762: ([10], 0.007246376811594203), 18583: ([219], 0.001594896331738437), 26383: ([219], 0.001594896331738437), 33131: ([221], 0.000731528895391368), 33513: ([10], 0.025)}"
yee,"{12691: ([2854], 9.857072449482504e-05), 16866: ([8088, 8166, 8290, 8308, 8360, 8393, 8411, 8465, 8498, 8524, 8557, 8865, 8965, 9000, 9030], 0.0013503781058696435), 33131: ([898], 0.000731528895391368), 37241: ([444, 489, 503], 0.0033076074972436605)}"
yifeic,"{12683: ([42], 0.011111111111111112)}"
yixuan,"{12675: ([9], 0.012345679012345678)}"
yoga,"{12691: ([5949], 9.857072449482504e-05), 13665: ([5, 32, 49], 0.04918032786885246), 13822: ([5, 32, 49], 0.04918032786885246), 13854: ([5, 32, 49], 0.04918032786885246), 13954: ([5, 32, 49], 0.04918032786885246), 13963: ([52], 0.008403361344537815), 13977: ([52], 0.008403361344537815), 24098: ([2, 27, 32], 0.08571428571428572), 33837: ([2, 27, 32], 0.08571428571428572), 35052: ([2, 27, 32], 0.08571428571428572)}"
yongdae,"{12984: ([9], 0.03333333333333333), 14972: ([196], 0.002457002457002457)}"
yourdentaldirectorynet,"{12691: ([5551], 9.857072449482504e-05)}"
yuhao,"{12675: ([38], 0.012345679012345678)}"
yumeng,"{12675: ([59], 0.012345679012345678)}"
yanlin,"{13096: ([5], 0.045454545454545456)}"
yarkony,"{13205: ([6], 0.058823529411764705), 19716: ([313], 0.003115264797507788)}"
yehsoftware,"{13454: ([52], 0.01282051282051282), 13608: ([52], 0.01282051282051282), 13958: ([18, 18], 0.0007283321194464676)}"
yesterday,"{13066: ([419], 0.0017094017094017094)}"
yihang,"{13188: ([5], 0.058823529411764705)}"
yihui,"{13049: ([54], 0.009345794392523364)}"
yiqiao,"{13081: ([7], 0.041666666666666664)}"
yuen,"{13093: ([2], 0.045454545454545456)}"
yun,"{13086: ([2], 0.06666666666666667), 14845: ([0, 14, 17], 0.15), 15398: ([0, 15, 18], 0.14285714285714285), 18038: ([0, 51, 54], 0.05263157894736842), 18999: ([0, 27, 30], 0.09090909090909091), 23172: ([0, 18, 21], 0.125), 26755: ([0, 14, 17], 0.15), 33131: ([1298], 0.000731528895391368), 36108: ([28], 0.0024937655860349127)}"
youâ€™d,"{13981: ([48], 0.010638297872340425)}"
yasamin,"{14159: ([4], 0.05555555555555555)}"
yip,"{14165: ([55, 72], 0.006430868167202572), 14214: ([8, 25, 37, 54, 64, 81], 0.07228915662650602), 19720: ([10, 52], 0.029411764705882353)}"
yiying,"{14267: ([50], 0.007936507936507936)}"
yunhan,"{14220: ([4], 0.05555555555555555)}"
yes,"{14621: ([1290], 0.0005037783375314861), 16309: ([550, 2144], 0.0009237875288683603), 16447: ([901, 2158, 3190, 4006, 4690], 0.000876885303402315), 16627: ([204], 0.003134796238244514), 16894: ([133, 136, 139, 142], 0.024539877300613498), 18228: ([96], 0.0014265335235378032), 18524: ([1250], 0.0005373455131649651), 19681: ([0, 39, 42], 0.06666666666666667), 19969: ([67], 0.008771929824561403), 20168: ([550, 2144], 0.0009237875288683603), 20687: ([107], 0.005649717514124294), 20876: ([204], 0.003134796238244514), 21628: ([160, 178], 0.0072992700729927005), 22169: ([582, 2132], 0.000931098696461825), 22976: ([573, 2102], 0.0009442870632672333), 23845: ([24], 0.018518518518518517), 24750: ([637, 641], 0.0008077544426494346), 24876: ([1075], 0.0005491488193300384), 25187: ([12, 14], 0.02666666666666667), 28574: ([1119], 0.0005356186395286556), 29182: ([562, 2133], 0.0009285051067780873), 29444: ([143], 0.0013568521031207597), 29488: ([36, 189], 0.009345794392523364), 33441: ([107], 0.00909090909090909), 33452: ([199], 0.0014326647564469914), 34454: ([124], 0.0064516129032258064), 34791: ([41], 0.009259259259259259), 34812: ([140], 0.003787878787878788), 36995: ([294], 0.0022026431718061676), 37269: ([27], 0.03571428571428571), 37628: ([39], 0.0029239766081871343)}"
yours,"{14696: ([98], 0.004273504273504274), 33452: ([55, 134], 0.0028653295128939827), 35272: ([98], 0.004273504273504274), 36995: ([55, 134], 0.004405286343612335), 38450: ([54], 0.006578947368421052)}"
yanbin,"{14972: ([62], 0.002457002457002457)}"
yann,"{15042: ([31], 0.01818181818181818)}"
yaron,"{14885: ([0], 0.022222222222222223), 14889: ([1284, 1286, 1288, 1297, 1304, 1311, 1313, 1323, 1333, 1335, 1369, 1381], 0.008492569002123142), 16020: ([618], 0.0014705882352941176), 16317: ([57], 0.000931098696461825), 17399: ([0], 0.02564102564102564), 18023: ([4], 0.058823529411764705), 21604: ([0], 0.02127659574468085), 21666: ([1284, 1286, 1288, 1297, 1304, 1311, 1313, 1323, 1333, 1335, 1369, 1381], 0.008492569002123142), 22023: ([0], 0.023255813953488372), 24222: ([0], 0.017543859649122806), 24862: ([0], 0.02564102564102564), 28129: ([17], 0.011904761904761904), 28756: ([0], 0.017543859649122806), 29283: ([0], 0.017543859649122806), 30253: ([0], 0.017543859649122806), 31478: ([702], 0.001177856301531213), 32429: ([0], 0.022222222222222223), 33602: ([0], 0.024390243902439025), 34452: ([13], 0.014705882352941176), 34836: ([0], 0.018867924528301886), 34883: ([14], 0.011764705882352941), 35470: ([1284, 1286, 1288, 1297, 1304, 1311, 1313, 1323, 1333, 1335, 1371, 1381], 0.008492569002123142), 37219: ([18], 0.010638297872340425)}"
yarong,"{14885: ([37], 0.022222222222222223), 16020: ([622], 0.0014705882352941176), 17399: ([31], 0.02564102564102564), 21604: ([39], 0.02127659574468085), 22023: ([35], 0.023255813953488372), 24222: ([49], 0.017543859649122806), 24862: ([31], 0.02564102564102564), 28756: ([49], 0.017543859649122806), 29283: ([49], 0.017543859649122806), 30253: ([49], 0.017543859649122806), 32429: ([37], 0.022222222222222223), 33602: ([33], 0.024390243902439025), 34836: ([45], 0.018867924528301886)}"
yissochor,"{14850: ([5, 14, 23], 0.0967741935483871)}"
yokohama,"{15187: ([240], 0.00392156862745098), 21788: ([5], 0.011494252873563218), 29630: ([73], 0.001184834123222749), 33591: ([200], 0.002617801047120419), 37509: ([240], 0.00392156862745098)}"
yoshimichi,"{14972: ([20], 0.002457002457002457)}"
yourselves,"{14915: ([38], 0.009345794392523364), 16324: ([49], 0.00847457627118644), 16715: ([40], 0.00909090909090909), 19770: ([29], 0.00909090909090909), 23881: ([65], 0.006944444444444444), 24076: ([31], 0.011764705882352941), 27625: ([51], 0.008064516129032258), 27766: ([48], 0.00847457627118644), 28065: ([31], 0.011627906976744186), 34807: ([51], 0.00847457627118644), 37486: ([48], 0.007874015748031496)}"
yx,"{15101: ([41, 64, 70], 0.04054054054054054), 24750: ([281, 1704], 0.0008077544426494346), 25114: ([753, 754], 0.0011527377521613833)}"
yz,"{15101: ([48, 54], 0.02702702702702703), 35372: ([40], 0.022222222222222223)}"
yale,"{15582: ([21, 24], 0.07407407407407407), 15941: ([6, 12], 0.08695652173913043), 16005: ([3, 8], 0.2), 18209: ([3, 18, 23], 0.12), 35002: ([1, 7, 13], 0.16666666666666666)}"
yellows,"{15478: ([39], 0.022222222222222223), 15797: ([40], 0.020833333333333332), 16341: ([37], 0.01818181818181818), 16874: ([42], 0.017543859649122806), 21282: ([41], 0.016129032258064516), 22780: ([39], 0.017857142857142856), 22971: ([40], 0.019230769230769232), 23382: ([45], 0.0196078431372549), 25082: ([43], 0.02040816326530612), 25166: ([37], 0.018867924528301886), 25430: ([45], 0.0196078431372549), 27288: ([31], 0.022727272727272728), 27440: ([41], 0.0196078431372549), 28270: ([42], 0.015384615384615385), 29173: ([45], 0.016129032258064516), 29818: ([43], 0.014705882352941176), 30284: ([37], 0.02), 31288: ([36], 0.02), 31489: ([39], 0.020833333333333332), 35901: ([35], 0.02), 36204: ([40], 0.02), 37127: ([33], 0.020833333333333332), 37148: ([49], 0.015151515151515152)}"
yevgeni,"{15348: ([28, 39, 44], 0.026785714285714284), 22378: ([289, 298, 307], 0.005870841487279843), 25984: ([83, 98, 113, 499], 0.0057553956834532375)}"
yin,"{15311: ([130], 0.0055248618784530384), 18518: ([130], 0.0055248618784530384), 20893: ([130], 0.0055248618784530384), 25683: ([1, 33, 35], 0.08333333333333333), 34807: ([12], 0.00847457627118644)}"
yourbignumber,"{15465: ([50], 0.018518518518518517), 22647: ([36, 37], 0.04878048780487805), 34125: ([52, 53], 0.03333333333333333)}"
yourchosenprojectname,"{15355: ([18, 156], 0.007547169811320755), 25623: ([98, 99, 107, 108, 189, 190, 191, 192], 0.04145077720207254), 27934: ([21, 177], 0.007246376811594203), 30739: ([25, 170], 0.010362694300518135), 31292: ([90, 91, 153, 154], 0.025806451612903226), 32325: ([19, 138], 0.007272727272727273), 37475: ([19, 185], 0.0070921985815602835), 37745: ([19, 191], 0.00847457627118644)}"
yourlastnameyourucinumericidyourteamname,"{15269: ([3462], 0.00013910140492418973), 22213: ([3387], 0.00014058765640376775), 24644: ([3444], 0.00013945056477478735), 25580: ([3462], 0.00013910140492418973), 29267: ([2704], 0.0001751006828926633), 32006: ([2750], 0.00018656716417910448)}"
yourname,"{15425: ([39, 40], 0.04878048780487805), 23161: ([36], 0.025), 29022: ([308, 309, 310], 0.00964630225080386), 34812: ([262, 263], 0.007575757575757576), 36999: ([82, 83, 84, 85], 0.046511627906976744)}"
yourself,"{15269: ([2, 3358, 4640, 4772, 4791, 5081, 6167], 0.0009737098344693282), 16084: ([2, 2194, 3203, 3279, 3297], 0.0012198097096852891), 16152: ([36], 0.01639344262295082), 16603: ([156, 4351, 4427, 4446], 0.0006122761365375785), 17236: ([93, 461], 0.0036036036036036037), 18088: ([404], 0.0012515644555694619), 18665: ([245, 4120, 4196, 4215], 0.0006879944960440316), 19149: ([41, 44], 0.011764705882352941), 20041: ([2, 2681], 0.0004563084645220169), 21431: ([394], 0.0016155088852988692), 21531: ([48], 0.015873015873015872), 22213: ([2, 3283, 4565, 4697, 4716, 5006, 6092], 0.0009841135948263741), 22268: ([3, 37, 41], 0.07142857142857142), 22830: ([5], 0.025), 23647: ([1741, 1759], 0.000736105999263894), 24557: ([13], 0.00980392156862745), 24644: ([2, 3340, 4622, 4754, 4773, 5063, 6149], 0.0009761539534235114), 25350: ([53, 63, 67], 0.03896103896103896), 25580: ([2, 3358, 4640, 4772, 4791, 5081, 6167], 0.0009737098344693282), 27419: ([174, 506], 0.0029717682020802376), 27481: ([42], 0.022222222222222223), 27926: ([109], 0.0070921985815602835), 27934: ([259], 0.0036231884057971015), 29267: ([301, 2593, 3719, 3779, 3795, 4188], 0.0010506040973559797), 29476: ([90], 0.006802721088435374), 32006: ([473, 3687, 3763, 3782], 0.0007462686567164179), 32380: ([402], 0.001226993865030675), 32787: ([4, 2072, 2090], 0.0011066027296200663), 35533: ([26], 0.022222222222222223), 35544: ([77, 80, 283], 0.006355932203389831), 35759: ([928, 994], 0.0018181818181818182), 37174: ([13, 2513, 2589, 2607], 0.0011537352177675222)}"
yourteamname,"{15269: ([3473], 0.00013910140492418973), 22213: ([3398], 0.00014058765640376775), 24644: ([3455], 0.00013945056477478735), 25580: ([3473], 0.00013910140492418973), 29267: ([2715], 0.0001751006828926633), 32006: ([2755], 0.00018656716417910448)}"
yushi,"{15504: ([0, 37, 42], 0.06382978723404255), 18996: ([3, 40, 45], 0.06382978723404255), 28891: ([7, 52, 61], 0.047619047619047616), 29151: ([0, 36, 38], 0.075), 31157: ([5, 45, 52], 0.05555555555555555), 33113: ([15], 0.018518518518518517), 35899: ([0, 43, 54], 0.046153846153846156)}"
yissochur,"{15965: ([12], 0.013157894736842105)}"
yankel,"{16205: ([12], 0.017543859649122806), 32013: ([352], 0.0016339869281045752), 33816: ([12], 0.017543859649122806)}"
yearend,"{16075: ([1], 0.0625), 23524: ([4], 0.009900990099009901)}"
yeshiva,"{16205: ([43], 0.017543859649122806), 33816: ([43], 0.017543859649122806), 36316: ([3], 0.02631578947368421)}"
yom,"{16205: ([34], 0.017543859649122806), 16783: ([388], 0.0009276437847866419), 33816: ([34], 0.017543859649122806), 34161: ([1], 0.05555555555555555)}"
yomi,"{16205: ([52], 0.017543859649122806), 33816: ([52], 0.017543859649122806)}"
younger,"{16237: ([13], 0.02564102564102564), 19543: ([30], 0.022222222222222223), 20472: ([73], 0.010752688172043012), 20925: ([7], 0.029411764705882353), 25197: ([7], 0.004032258064516129), 26249: ([42], 0.02), 27920: ([25], 0.01818181818181818), 28347: ([16], 0.020833333333333332), 28379: ([11], 0.04), 28971: ([29], 0.017241379310344827), 34624: ([10], 0.015151515151515152), 34804: ([39], 0.015384615384615385), 35923: ([19], 0.004098360655737705), 36274: ([11], 0.024390243902439025)}"
youridyourteamname,"{16084: ([3911], 0.00024396194193705782)}"
yournewpassword,"{16186: ([98], 0.009900990099009901)}"
yourucinetidyourteamname,"{16084: ([1976], 0.00024396194193705782)}"
yourusername,"{16186: ([85, 86, 93, 94, 95, 97, 99, 100], 0.07920792079207921), 35991: ([464], 0.001834862385321101), 37771: ([525], 0.0017211703958691911)}"
yr,"{16210: ([81, 96], 0.02), 16484: ([81, 96], 0.02), 19551: ([68, 84], 0.022727272727272728), 21562: ([82, 97], 0.02), 22984: ([82, 97], 0.02), 25352: ([82, 100], 0.018691588785046728)}"
yakov,"{16755: ([2], 0.01694915254237288), 19248: ([2], 0.06666666666666667), 20075: ([0, 14, 19, 24], 0.14285714285714285), 27537: ([1, 8, 14, 20], 0.17391304347826086), 30260: ([2], 0.01639344262295082), 32013: ([10, 175, 472], 0.004901960784313725), 32649: ([0, 4, 9, 14], 0.2222222222222222), 35675: ([1, 5, 9], 0.25), 36557: ([0], 0.06666666666666667), 36656: ([4, 7], 0.2)}"
yard,"{16693: ([4, 54, 59], 0.05), 18871: ([3, 34, 38], 0.07692307692307693), 20578: ([1, 24, 27], 0.10344827586206896), 21393: ([1, 32, 34], 0.08571428571428572), 25429: ([4, 29, 34], 0.08571428571428572), 31171: ([8, 48, 57], 0.05172413793103448), 32014: ([1, 24, 27], 0.10344827586206896), 36068: ([3, 42, 46], 0.06382978723404255)}"
yellowing,"{16724: ([0, 42, 44], 0.06521739130434782)}"
yield,"{16676: ([1115], 0.0007861635220125787), 20514: ([1, 37, 39], 0.075), 22695: ([169], 0.004784688995215311), 25410: ([29, 30, 31], 0.058823529411764705), 26273: ([77], 0.00267379679144385), 27962: ([404], 0.0011627906976744186), 37598: ([109], 0.0016129032258064516)}"
yitzchok,"{16755: ([21, 27, 33], 0.05084745762711865), 23989: ([0], 0.07692307692307693), 25036: ([3], 0.03333333333333333), 25292: ([1], 0.0625), 27522: ([0], 0.04), 28713: ([1], 0.03571428571428571), 30260: ([9], 0.01639344262295082), 32013: ([141, 166, 278], 0.004901960784313725), 35361: ([34], 0.016129032258064516)}"
yocheved,"{16755: ([6], 0.01694915254237288), 23951: ([8], 0.03225806451612903), 32013: ([144, 427], 0.0032679738562091504)}"
you,"{16460: ([2], 0.027777777777777776), 16479: ([739, 743, 749, 759, 763], 0.005235602094240838), 16484: ([2, 10, 17, 24, 54, 59, 71], 0.07), 16581: ([36], 0.02702702702702703), 16603: ([13, 17, 32, 74, 119, 154, 162, 171, 293, 538, 822, 833, 1082, 1109, 1838, 2427, 2496, 2609, 2789, 2808, 2877, 3010, 3064, 3139, 3200, 3237, 3265, 3281, 3427, 3695, 3704, 3773, 3972, 4002, 4032, 4061, 4083, 4091, 4207, 4275, 4304, 4323, 4343, 4353, 4371, 4381, 4416, 4436, 4499, 4511, 4568, 4953, 5087, 5105, 5122, 5152, 5187, 5222, 5271, 5339, 5347, 5438, 5652, 5660, 5668, 5707, 5755, 5896, 5908, 5937, 5991, 6039, 6257], 0.011174039491810806), 16616: ([53], 0.012345679012345678), 16627: ([20, 29, 38, 67], 0.012539184952978056), 16676: ([1179], 0.0007861635220125787), 16699: ([15, 15], 0.00046253469010175765), 16706: ([41, 97], 0.016666666666666666), 16715: ([30], 0.00909090909090909), 16761: ([127], 0.002197802197802198), 16783: ([85, 114, 139, 258, 318, 425, 510, 618, 634, 734, 746, 756, 778, 788, 799, 809, 816, 819], 0.016697588126159554), 16797: ([38], 0.01639344262295082), 16834: ([2, 11, 18, 23, 34, 44, 55], 0.05511811023622047), 16881: ([49], 0.010101010101010102), 16940: ([49, 94], 0.012048192771084338), 16959: ([5, 16, 36, 55, 60, 74, 105], 0.042682926829268296), 16990: ([74], 0.010526315789473684), 17165: ([69, 83, 91, 101, 133, 142, 226], 0.028925619834710745), 17168: ([1, 17, 27, 33, 67], 0.02564102564102564), 17222: ([125, 138], 0.010638297872340425), 17236: ([302], 0.0018018018018018018), 17246: ([2, 10, 17, 24, 54, 59, 71], 0.07368421052631578), 17247: ([53], 0.012345679012345678), 17294: ([65], 0.005747126436781609), 17417: ([74, 104, 280, 293, 313, 417, 508, 603, 721, 901, 977, 981], 0.012060301507537688), 17447: ([30], 0.00980392156862745), 17554: ([178, 190, 282], 0.00510204081632653), 17672: ([1], 0.02702702702702703), 17697: ([27], 0.009900990099009901), 17799: ([97, 408], 0.0017937219730941704), 17819: ([46], 0.012658227848101266), 17821: ([1, 33, 37], 0.075), 17829: ([168, 176], 0.005319148936170213), 17848: ([81, 133, 144, 150, 181, 190], 0.020689655172413793), 17865: ([27], 0.02), 17931: ([61], 0.014084507042253521), 17968: ([126], 0.007194244604316547), 17995: ([27], 0.010101010101010102), 18007: ([731], 0.000980392156862745), 18019: ([2, 10, 49], 0.024193548387096774), 18062: ([89, 106], 0.010582010582010581), 18088: ([336, 344, 457, 479, 486, 575, 769], 0.008760951188986232), 18121: ([77, 100, 113], 0.015463917525773196), 18248: ([4, 13, 30], 0.038461538461538464), 18267: ([41, 340], 0.0053475935828877), 18305: ([23], 0.021739130434782608), 18314: ([13], 0.05555555555555555), 18315: ([62, 69], 0.013513513513513514), 18328: ([5], 0.02040816326530612), 18358: ([6], 0.0196078431372549), 18421: ([27], 0.02857142857142857), 18435: ([130, 139], 0.01098901098901099), 18517: ([91, 103], 0.015873015873015872), 18518: ([16, 57, 61], 0.016574585635359115), 18524: ([133, 200, 337, 350, 368, 378, 389, 399, 403, 406, 471, 544, 608, 625, 872, 890, 985, 1014, 1075, 1205, 1217, 1245, 1267, 1274, 1287, 1303, 1312, 1327, 1373, 1418, 1542, 1546, 1625, 1633, 1644, 1666], 0.01934443847393874), 18656: ([120, 202], 0.008771929824561403), 18665: ([26, 210, 220, 243, 251, 260, 320, 328, 336, 447, 655, 925, 936, 1103, 1832, 2383, 2412, 2607, 2626, 2695, 2823, 2877, 2929, 3453, 3499, 3509, 3538, 3567, 3576, 3615, 3805, 3845, 3867, 3875, 3983, 4051, 4080, 4099, 4112, 4122, 4140, 4150, 4185, 4205, 4268, 4280, 4337, 4701, 4855, 5060, 5108, 5249, 5261, 5290, 5344, 5392, 5605], 0.00980392156862745), 18695: ([35], 0.008547008547008548), 18698: ([27], 0.010101010101010102), 18704: ([27], 0.02), 18733: ([13], 0.027777777777777776), 18760: ([21, 41], 0.03333333333333333), 18806: ([16], 0.024390243902439025), 18889: ([1, 11, 16, 23, 34, 43, 53], 0.059322033898305086), 18944: ([22, 32, 65], 0.0189873417721519), 18948: ([64], 0.004761904761904762), 18954: ([32, 40, 47, 214], 0.013937282229965157), 18977: ([33], 0.023255813953488372), 19008: ([31, 40], 0.03389830508474576), 19028: ([0, 6, 45, 51, 58, 64], 0.08450704225352113), 19168: ([39], 0.017857142857142856), 19171: ([20], 0.047619047619047616), 19175: ([4], 0.022222222222222223), 19203: ([22, 49, 109, 126, 138, 177], 0.022222222222222223), 19210: ([50], 0.014925373134328358), 19211: ([2, 13, 20, 35, 41, 49, 60], 0.050359712230215826), 19214: ([33], 0.02), 19222: ([30], 0.010638297872340425), 19285: ([36, 119], 0.014084507042253521), 19293: ([163, 183], 0.009708737864077669), 19300: ([0, 7], 0.0425531914893617), 19304: ([16], 0.02857142857142857), 19338: ([16], 0.05555555555555555), 19361: ([30], 0.01), 19382: ([27], 0.02), 19412: ([197, 208, 219, 228, 291, 299, 303], 0.01907356948228883), 19441: ([36, 119], 0.014084507042253521), 19444: ([11], 0.058823529411764705), 19472: ([83, 142], 0.012121212121212121), 19522: ([68, 74], 0.015037593984962405), 19551: ([2, 10, 17, 24, 45, 57], 0.06818181818181818), 19590: ([16], 0.05555555555555555), 19602: ([6, 14, 168], 0.013824884792626729), 19634: ([180, 186], 0.00975609756097561), 19644: ([57, 61, 79], 0.027777777777777776), 19727: ([35, 93], 0.017241379310344827), 19769: ([32, 66], 0.023809523809523808), 19770: ([19], 0.00909090909090909), 19791: ([3], 0.027777777777777776), 19802: ([448, 687, 733], 0.003989361702127659), 19824: ([2, 36, 40], 0.07142857142857142), 19861: ([45], 0.016129032258064516), 19913: ([60, 64, 83, 90], 0.031007751937984496), 19969: ([0, 55], 0.017543859649122806), 19979: ([103, 117, 123, 154, 163], 0.019011406844106463), 20041: ([0, 8, 17, 139, 345, 1216, 1778, 1913, 1932, 2000, 2083, 2121, 2458, 2460, 2492, 3002, 3011, 3074, 3286, 3321, 3357, 3387, 3409, 3417, 3519, 3587, 3647, 3720, 4215, 4223, 4231], 0.0070727812000912615), 20049: ([89], 0.005714285714285714), 20101: ([25], 0.020833333333333332), 20134: ([30, 63, 67, 86, 93], 0.03787878787878788), 20168: ([147, 180, 219, 340, 361, 388, 391, 426, 435, 506, 517, 545, 567, 569, 588, 601, 617, 626, 641, 673, 683, 693, 717, 766, 778, 783, 791, 827, 838, 861, 970, 1007, 1021, 1093, 1112, 1122, 1145, 1170, 1185, 1261, 1273, 1317, 1333, 1341, 1348, 1366, 1393, 1404, 1468, 1478, 1497, 1507, 1522, 1530, 1579, 1584, 1646, 1801, 1831, 1847, 1927, 2052, 2118], 0.029099307159353348), 20190: ([91, 103], 0.015873015873015872), 20199: ([101, 125, 134, 148], 0.025806451612903226), 20278: ([2, 10, 49], 0.024193548387096774), 20318: ([27], 0.02857142857142857), 20327: ([37], 0.012987012987012988), 20345: ([18], 0.0196078431372549), 20368: ([45], 0.016129032258064516), 20378: ([153, 158, 153, 158], 0.0009006980409817609), 20439: ([106], 0.004016064257028112), 20441: ([16], 0.05555555555555555), 20452: ([1, 32, 38], 0.013824884792626729), 20481: ([193, 204, 215, 224, 287, 295, 299], 0.01928374655647383), 20502: ([1, 11, 16, 23, 34, 43, 53], 0.059322033898305086), 20550: ([1, 6, 18, 28, 101], 0.033783783783783786), 20607: ([249, 295, 688], 0.0033259423503325942), 20672: ([101, 110], 0.017857142857142856), 20687: ([37, 56, 128, 157], 0.022598870056497175), 20701: ([2, 7, 29, 97, 107, 194, 1765, 1845, 1861, 1966, 1986, 2311, 2320, 2354, 2459, 2481, 2489, 2611, 2639, 2640, 2710, 2759, 2804, 2817, 2827, 2846, 2856, 3011, 3016, 3277, 3491, 3557, 3565, 3591, 3596, 3641, 3692], 0.009973045822102426), 20821: ([17], 0.03225806451612903), 20873: ([32], 0.02040816326530612), 20876: ([20, 29, 38, 67], 0.012539184952978056), 20877: ([173], 0.00423728813559322), 20879: ([30], 0.01), 20893: ([16, 57, 61], 0.016574585635359115), 20998: ([138, 161, 193, 266, 270, 290, 313], 0.02064896755162242), 21005: ([4, 13, 30], 0.038461538461538464), 21064: ([51, 251, 270], 0.007194244604316547), 21068: ([48], 0.014925373134328358), 21149: ([1, 18, 28, 38, 41], 0.02564102564102564), 21156: ([4, 21], 0.015267175572519083), 21172: ([1, 10, 25, 35, 62, 121, 132], 0.033816425120772944), 21210: ([6, 15, 150], 0.015789473684210527), 21221: ([3, 8, 25, 48, 55, 64, 71, 82], 0.024922118380062305), 21249: ([25], 0.02), 21306: ([24], 0.02127659574468085), 21307: ([30], 0.00980392156862745), 21355: ([45], 0.011363636363636364), 21365: ([83, 155, 161, 171, 221, 367], 0.01485148514851485), 21370: ([27], 0.02857142857142857), 21390: ([3, 34, 38], 0.07692307692307693), 21409: ([30], 0.011363636363636364), 21414: ([99, 134], 0.011299435028248588), 21531: ([31, 41, 49], 0.047619047619047616), 21562: ([2, 10, 17, 24, 54, 59, 71], 0.07), 21637: ([15], 0.014705882352941176), 21644: ([6, 11, 33, 101, 111, 198, 1791, 1871, 1887, 1982, 2002, 2323, 2332, 2366, 2552, 2574, 2582, 2704, 2732, 2733, 2803, 2852, 2897, 2910, 2920, 2939, 2949, 3104, 3109, 3370, 3584, 3650, 3658, 3684, 3689, 3734, 3785], 0.009729161188535366), 21666: ([502, 511, 521], 0.0021231422505307855), 14998: ([70], 0.009345794392523364), 21697: ([35], 0.004048582995951417), 21729: ([20, 30, 51, 61], 0.043010752688172046), 21737: ([121, 312, 366], 0.008), 21782: ([49], 0.01639344262295082), 21808: ([93, 122, 148, 297, 355, 490, 502, 512, 535, 545, 556, 566, 573, 576, 658, 766, 782, 858, 929], 0.01619778346121057), 21875: ([151, 156, 172, 174, 222], 0.018518518518518517), 21912: ([30, 63, 67, 86, 93], 0.03787878787878788), 21914: ([4, 21], 0.015267175572519083), 22053: ([72], 0.001763668430335097), 22060: ([25, 45], 0.03125), 22103: ([30, 78], 0.00641025641025641), 22169: ([129, 163, 234, 403, 424, 451, 454, 538, 549, 577, 599, 606, 619, 635, 644, 659, 703, 725, 729, 795, 803, 961, 983, 1111, 1131, 1141, 1164, 1194, 1209, 1285, 1297, 1341, 1357, 1365, 1372, 1390, 1420, 1432, 1496, 1498, 1507, 1526, 1538, 1553, 1561, 1610, 1615, 1678, 1834, 1864, 1880, 1961, 2106], 0.024674115456238363), 22196: ([45], 0.007042253521126761), 22213: ([0, 8, 17, 69, 495, 797, 1110, 1475, 1486, 2941, 2977, 2982, 3157, 3165, 3187, 3196, 3275, 3411, 3469, 3745, 3752, 4069, 4109, 4139, 4167, 4194, 4223, 4231, 4349, 4417, 4448, 4467, 4559, 4638, 4648, 4683, 4703, 4766, 4780, 4839, 4927, 4983, 4998, 5012, 5027, 5501, 5509, 5517, 5556, 5577, 5603, 5802, 5814, 5843, 5897, 5945, 6086, 6734, 6976], 0.008294671727822297), 22231: ([17], 0.01694915254237288), 22260: ([65, 76], 0.017543859649122806), 22366: ([213, 218], 0.008968609865470852), 22380: ([5, 10], 0.1111111111111111), 22402: ([5, 17, 19, 38, 56], 0.016666666666666666), 22473: ([2, 8, 16, 23], 0.09302325581395349), 22519: ([7], 0.0625), 22559: ([58], 0.01694915254237288), 22587: ([62, 68], 0.015873015873015872), 22602: ([24, 33, 55, 108, 119, 128, 137], 0.035), 22648: ([54, 78, 105], 0.02830188679245283), 22694: ([52], 0.00847457627118644), 22747: ([3, 41, 45], 0.06521739130434782), 22761: ([44, 53, 56, 69], 0.028169014084507043), 22782: ([1, 39, 49], 0.05172413793103448), 22811: ([12, 22, 38, 54], 0.023668639053254437), 22834: ([33, 111], 0.015151515151515152), 22848: ([13], 0.034482758620689655), 22852: ([19, 25, 34, 44, 74], 0.0390625), 22870: ([274, 1094, 1111], 0.0012804097311139564), 22908: ([98, 157], 0.011111111111111112), 22933: ([2, 14, 53, 58, 79], 0.03225806451612903), 22935: ([19, 35], 0.010582010582010581), 22976: ([129, 163, 225, 394, 415, 442, 445, 529, 540, 568, 590, 597, 610, 626, 635, 650, 694, 716, 765, 773, 931, 953, 1081, 1101, 1111, 1134, 1164, 1179, 1255, 1267, 1311, 1327, 1335, 1342, 1360, 1390, 1402, 1466, 1468, 1477, 1496, 1508, 1523, 1531, 1580, 1585, 1648, 1804, 1834, 1850, 1931, 2076], 0.024551463644948063), 22982: ([0], 0.02702702702702703), 22984: ([2, 10, 17, 24, 54, 59, 71], 0.07), 22987: ([29], 0.010638297872340425), 23007: ([8, 21], 0.07142857142857142), 23045: ([83], 0.005555555555555556), 23062: ([19, 82], 0.0196078431372549), 23150: ([1, 11, 24, 44], 0.014705882352941176), 23179: ([34, 58, 88, 112], 0.03333333333333333), 23275: ([7], 0.03333333333333333), 23298: ([26], 0.013333333333333334), 23346: ([0, 7], 0.023255813953488372), 23352: ([21, 38], 0.041666666666666664), 23363: ([50], 0.012048192771084338), 23373: ([69], 0.004545454545454545), 23379: ([17, 36], 0.043478260869565216), 23422: ([44, 55, 132, 147, 156], 0.02857142857142857), 23527: ([1, 10, 16, 21, 28, 37, 47], 0.058333333333333334), 23530: ([834, 855], 0.002074688796680498), 23620: ([11], 0.014705882352941176), 23625: ([2], 0.07142857142857142), 23640: ([0], 0.02702702702702703), 23647: ([74, 1296, 1305, 1339, 1395, 1425, 1447, 1455, 1557, 1625, 1640, 1653, 1663, 1685, 1695, 1730, 1750, 2215, 2247], 0.006993006993006993), 23678: ([2, 13, 20, 35, 41, 49, 60], 0.050359712230215826), 23691: ([6, 14, 179], 0.013157894736842105), 23704: ([213], 0.0026455026455026454), 23754: ([30], 0.01), 23764: ([33, 119], 0.014084507042253521), 23881: ([55], 0.006944444444444444), 23882: ([38], 0.01639344262295082), 23896: ([62, 68], 0.015873015873015872), 23917: ([2, 39, 42], 0.06976744186046512), 23974: ([1, 6, 18, 28, 97], 0.03546099290780142), 24025: ([34], 0.010101010101010102), 24027: ([23, 38, 118], 0.02040816326530612), 24030: ([36], 0.01694915254237288), 24048: ([15], 0.027777777777777776), 24065: ([5, 16, 70], 0.0297029702970297), 24070: ([5, 14, 23, 43, 48, 83], 0.04411764705882353), 24072: ([21], 0.013888888888888888), 24076: ([21], 0.011764705882352941), 24160: ([201], 0.0038910505836575876), 24176: ([18], 0.03571428571428571), 24183: ([5, 17, 32, 37, 45, 58], 0.047244094488188976), 24233: ([33], 0.02), 24271: ([110, 176], 0.010362694300518135), 24280: ([17, 37], 0.03636363636363636), 24312: ([90], 0.00047732696897374703), 24326: ([25], 0.01639344262295082), 24361: ([25, 48], 0.034482758620689655), 24374: ([36, 64], 0.016), 24414: ([92], 0.007936507936507936), 24432: ([28], 0.0196078431372549), 24455: ([38], 0.020833333333333332), 24469: ([24], 0.01282051282051282), 24474: ([63], 0.015625), 24492: ([81], 0.0038314176245210726), 24557: ([79], 0.00980392156862745), 24602: ([26], 0.013333333333333334), 24606: ([6, 47, 56], 0.05084745762711865), 24607: ([90], 0.008849557522123894), 24622: ([46], 0.012658227848101266), 24635: ([13], 0.027777777777777776), 24644: ([0, 8, 17, 69, 523, 836, 1149, 1496, 1507, 3008, 3044, 3049, 3214, 3222, 3244, 3253, 3332, 3468, 3526, 3802, 3809, 4126, 4166, 4196, 4224, 4251, 4280, 4288, 4406, 4474, 4505, 4524, 4616, 4695, 4705, 4740, 4760, 4823, 4837, 4896, 4984, 5040, 5055, 5069, 5084, 5558, 5566, 5574, 5613, 5634, 5660, 5859, 5871, 5900, 5954, 6002, 6143, 6791, 7032], 0.008227583321712454), 24668: ([24], 0.014285714285714285), 24702: ([52], 0.0078125), 24750: ([66, 771], 0.0008077544426494346), 24844: ([17, 34], 0.04081632653061224), 24846: ([229, 236, 243], 0.011494252873563218), 24876: ([146, 292, 305, 323, 333, 344, 354, 358, 361, 458, 514, 531, 815, 844, 905, 1031, 1042, 1070, 1092, 1099, 1112, 1128, 1137, 1152, 1196, 1241, 1319, 1353, 1385, 1406, 1414, 1419, 1428, 1440, 1512, 1516, 1585, 1593, 1604, 1626], 0.021965952773201538), 24922: ([37], 0.01818181818181818), 24976: ([30], 0.011235955056179775), 24993: ([138, 161, 193, 266, 270, 290, 313], 0.02064896755162242), 25035: ([19], 0.023255813953488372), 25103: ([32], 0.01818181818181818), 25129: ([107], 0.003205128205128205), 25187: ([51], 0.013333333333333334), 25230: ([99, 109, 141], 0.016304347826086956), 25235: ([2, 10, 17, 24, 54, 59, 71], 0.07216494845360824), 25240: ([27], 0.011764705882352941), 25259: ([16, 30], 0.01680672268907563), 25271: ([135, 142], 0.012738853503184714), 25273: ([2, 11, 18, 24, 35, 48, 59], 0.05426356589147287), 25352: ([2, 10, 17, 24, 54, 59, 71], 0.06542056074766354), 25521: ([65], 0.014084507042253521), 25526: ([51], 0.005319148936170213), 25572: ([127], 0.002197802197802198), 25580: ([0, 8, 17, 69, 541, 854, 1167, 1514, 1525, 3026, 3062, 3067, 3232, 3240, 3262, 3271, 3350, 3486, 3544, 3820, 3827, 4144, 4184, 4214, 4242, 4269, 4298, 4306, 4424, 4492, 4523, 4542, 4634, 4713, 4723, 4758, 4778, 4841, 4855, 4914, 5002, 5058, 5073, 5087, 5102, 5576, 5584, 5592, 5631, 5652, 5678, 5877, 5889, 5918, 5972, 6020, 6161, 6809, 7050], 0.008206982890527193), 25607: ([27], 0.012987012987012988), 25618: ([29], 0.013333333333333334), 25635: ([0, 7], 0.04), 25711: ([58], 0.012048192771084338), 25741: ([69, 1342], 0.0007710100231303007), 25745: ([5], 0.025), 25813: ([18], 0.024390243902439025), 25870: ([27], 0.01020408163265306), 26009: ([20], 0.013333333333333334), 26093: ([11, 20, 38], 0.06666666666666667), 26101: ([5], 0.08333333333333333), 26109: ([5, 17, 32, 37, 45, 58], 0.047244094488188976), 26127: ([40, 48, 58, 64, 73], 0.060240963855421686), 26167: ([30], 0.011363636363636364), 26191: ([111, 148, 163], 0.01485148514851485), 26196: ([2], 0.013513513513513514), 26227: ([42], 0.02), 26267: ([14, 27, 253, 264, 269, 278, 372], 0.0166270783847981), 26291: ([159, 168], 0.010101010101010102), 26320: ([20], 0.009523809523809525), 26363: ([54], 0.012987012987012988), 26373: ([27], 0.009523809523809525), 26398: ([19, 24, 40, 42, 77], 0.03225806451612903), 26399: ([56, 2181], 0.0008130081300813008), 26440: ([8, 21], 0.044444444444444446), 26444: ([3, 14, 17, 26, 32], 0.06493506493506493), 26506: ([126], 0.007194244604316547), 26517: ([27], 0.017543859649122806), 26686: ([2, 7, 29, 97, 107, 194, 1748, 1757, 1791, 1933, 1955, 1963, 2085, 2113, 2114, 2184, 2233, 2278, 2291, 2301, 2320, 2330, 2485, 2490, 2751, 2965, 3031, 3039, 3065, 3070, 3115, 3166], 0.009705793145283591), 26723: ([27], 0.009174311926605505), 26728: ([29, 36], 0.04081632653061224), 26846: ([54, 102, 173], 0.010273972602739725), 26847: ([41], 0.015625), 26913: ([21, 79], 0.01834862385321101), 26971: ([26, 30, 34, 65, 78], 0.053763440860215055), 26983: ([72], 0.007352941176470588), 27099: ([111, 148, 163], 0.01485148514851485), 27103: ([14], 0.012658227848101266), 27125: ([3, 8, 30, 98, 108, 195, 1830, 1921, 1992, 1993, 2087, 2107, 2410, 2419, 2453, 2514, 2695, 2703, 2779, 2807, 2808, 2878, 2927, 2972, 2985, 2995, 3014, 3024, 3178, 3183, 3444, 3652, 3718, 3726, 3752, 3757, 3802, 3853], 0.00975609756097561), 27148: ([196, 202, 362, 196, 202, 362], 0.0011383039271485487), 27169: ([26], 0.023255813953488372), 27171: ([15], 0.045454545454545456), 27205: ([16], 0.02564102564102564), 27236: ([2, 11, 18, 24, 35, 48, 59], 0.05426356589147287), 27264: ([17, 26, 34], 0.06976744186046512), 27337: ([45, 371, 380], 0.006741573033707865), 27390: ([27, 36, 50, 81, 104, 117, 137, 143, 262, 307], 0.030959752321981424), 27408: ([65], 0.002849002849002849), 27419: ([329, 428, 517, 534, 544, 595, 604, 614, 623, 646], 0.014858841010401188), 27446: ([0, 7], 0.0425531914893617), 27482: ([13], 0.027777777777777776), 27526: ([251, 298], 0.006493506493506494), 27567: ([263, 317, 737, 745, 764, 774, 793, 850], 0.00699912510936133), 27610: ([57], 0.0125), 27625: ([41], 0.008064516129032258), 27663: ([13], 0.02857142857142857), 27750: ([7], 0.03333333333333333), 27753: ([19, 40, 61], 0.023622047244094488), 27762: ([155, 166], 0.009216589861751152), 27766: ([38], 0.00847457627118644), 27775: ([9], 0.008695652173913044), 27898: ([0, 7], 0.03773584905660377), 27926: ([0, 14, 37, 72], 0.028368794326241134), 27934: ([167], 0.0036231884057971015), 27962: ([790], 0.0011627906976744186), 27977: ([41], 0.0029498525073746312), 28053: ([21, 41], 0.03389830508474576), 28065: ([21], 0.011627906976744186), 28143: ([156], 0.005747126436781609), 28257: ([157], 0.005555555555555556), 28268: ([2], 0.058823529411764705), 28275: ([17], 0.010416666666666666), 28305: ([42], 0.009900990099009901), 28310: ([46], 0.014285714285714285), 28325: ([1, 10, 25, 35, 47], 0.017543859649122806), 28334: ([27], 0.01020408163265306), 28371: ([38, 86], 0.022222222222222223), 28399: ([2, 10, 17, 24, 45, 55, 60, 72], 0.08333333333333333), 28404: ([106], 0.007352941176470588), 28446: ([30], 0.010309278350515464), 28464: ([4, 39, 44], 0.06666666666666667), 28483: ([27], 0.010101010101010102), 28494: ([10, 25], 0.041666666666666664), 28514: ([51], 0.011494252873563218), 28567: ([66], 0.010101010101010102), 28574: ([146, 271, 333, 346, 364, 374, 385, 395, 399, 402, 488, 544, 561, 859, 888, 949, 1075, 1086, 1114, 1136, 1143, 1156, 1172, 1181, 1196, 1242, 1287, 1365, 1399, 1431, 1452, 1460, 1465, 1474, 1486, 1558, 1562, 1631, 1639, 1650, 1672], 0.02196036422067488), 28605: ([18], 0.02857142857142857), 28636: ([103], 0.006944444444444444), 28667: ([30], 0.01), 28748: ([110], 0.007874015748031496), 28764: ([14, 38, 41], 0.02608695652173913), 28796: ([30], 0.009708737864077669), 28806: ([18, 38], 0.029850746268656716), 28809: ([5, 85], 0.014705882352941176), 28815: ([16], 0.05555555555555555), 28899: ([74], 0.01), 28943: ([0], 0.017857142857142856), 28949: ([35, 93], 0.017241379310344827), 28974: ([19, 40, 61], 0.023622047244094488), 29013: ([102], 0.008403361344537815), 29022: ([7], 0.003215434083601286), 29082: ([2, 9, 24], 0.09375), 29177: ([26], 0.02040816326530612), 29182: ([159, 192, 231, 352, 373, 400, 403, 438, 447, 518, 529, 557, 579, 581, 600, 613, 629, 638, 653, 685, 695, 705, 729, 778, 790, 795, 803, 816, 827, 850, 959, 996, 1010, 1082, 1101, 1111, 1134, 1159, 1174, 1250, 1262, 1306, 1322, 1330, 1337, 1355, 1382, 1393, 1457, 1467, 1486, 1496, 1511, 1519, 1568, 1573, 1635, 1790, 1820, 1836, 1916, 2041, 2107], 0.02924791086350975), 29196: ([76], 0.005847953216374269), 29267: ([56, 93, 109, 117, 176, 196, 201, 299, 307, 316, 368, 445, 1285, 1338, 1349, 2445, 2453, 2475, 2484, 2585, 2728, 2786, 3062, 3069, 3090, 3340, 3383, 3420, 3436, 3458, 3466, 3578, 3646, 3675, 3694, 3713, 3723, 3733, 3768, 3785, 3845, 3859, 3916, 4150, 4180, 4231, 4246, 4733, 4741, 4749, 4788, 4809, 4835, 5034, 5046, 5075, 5129, 5177, 5607], 0.010330940290667133), 29274: ([3, 19, 29, 36, 61], 0.020161290322580645), 29304: ([46], 0.012658227848101266), 29339: ([100, 164], 0.011049723756906077), 29342: ([172, 180], 0.005063291139240506), 29352: ([18], 0.02702702702702703), 29427: ([2, 10, 17, 24, 54, 59, 71], 0.0673076923076923), 29435: ([128], 0.0040650406504065045), 29438: ([2, 7, 29, 97, 107, 194, 1510, 1519, 1553, 1695, 1717, 1725, 1847, 1875, 1876, 1946, 1995, 2040, 2053, 2063, 2082, 2092, 2247, 2252, 2513, 2727, 2793, 2801, 2827, 2832, 2877, 2928], 0.010460934946060804), 29444: ([131, 676, 696], 0.004070556309362279), 29476: ([78], 0.006802721088435374), 29477: ([6, 54], 0.02857142857142857), 29487: ([7], 0.02), 29520: ([2, 23, 34, 39, 60, 65, 96, 107], 0.04395604395604396), 29580: ([11], 0.04), 29604: ([56, 322], 0.005763688760806916), 29636: ([339], 0.002849002849002849), 29701: ([32, 115, 216, 229, 238, 269, 281, 297, 362, 377, 388, 413, 431, 442], 0.03076923076923077), 29755: ([27], 0.010101010101010102), 29763: ([52], 0.012345679012345678), 29764: ([91, 108], 0.010471204188481676), 29805: ([5], 0.010638297872340425), 29826: ([27], 0.009900990099009901), 29841: ([2, 9, 17, 20, 35, 41, 70, 83, 97], 0.061224489795918366), 29859: ([0], 0.030303030303030304), 29905: ([30], 0.01), 29940: ([1], 0.047619047619047616), 30133: ([45], 0.021739130434782608), 30147: ([4, 9], 0.13333333333333333), 30167: ([32], 0.020833333333333332), 30169: ([2, 14, 53, 58, 79], 0.03225806451612903), 30192: ([100, 164], 0.011049723756906077), 30233: ([53], 0.005988023952095809), 30246: ([2], 0.025), 30276: ([0, 7], 0.04), 30279: ([243], 0.0035460992907801418), 30306: ([53], 0.012345679012345678), 30348: ([27], 0.009708737864077669), 30362: ([1376], 0.00032414910858995135), 30403: ([27], 0.014084507042253521), 30430: ([17, 37], 0.03571428571428571), 30470: ([571, 589, 641], 0.003973509933774834), 30520: ([36], 0.0196078431372549), 30679: ([25], 0.020833333333333332), 30685: ([27], 0.02857142857142857), 30694: ([63], 0.008695652173913044), 30701: ([43, 79], 0.02247191011235955), 30720: ([27], 0.01020408163265306), 30735: ([56, 65], 0.019417475728155338), 30790: ([2], 0.02040816326530612), 30810: ([32], 0.00909090909090909), 30818: ([104, 125, 317, 338], 0.009389671361502348), 30867: ([36], 0.017543859649122806), 30912: ([111], 0.005847953216374269), 30998: ([1, 11, 27, 60, 70, 86], 0.058823529411764705), 31000: ([49, 94], 0.012048192771084338), 31012: ([19, 26], 0.06451612903225806), 31038: ([45], 0.0027548209366391185), 31042: ([165, 705, 725, 745, 756], 0.0062266500622665), 31074: ([7], 0.012195121951219513), 31080: ([42], 0.0008025682182985554), 31119: ([5, 10], 0.1111111111111111), 31150: ([2, 11, 18, 23, 34, 44, 55], 0.05511811023622047), 31182: ([30], 0.009615384615384616), 31199: ([80], 0.011764705882352941), 31249: ([4], 0.02857142857142857), 31277: ([81], 0.003236245954692557), 31280: ([5, 16, 21, 29, 47, 55, 65, 76], 0.050314465408805034), 31307: ([30], 0.00980392156862745), 31334: ([53], 0.013157894736842105), 31368: ([20], 0.009523809523809525), 31410: ([0], 0.038461538461538464), 31450: ([140, 425, 428, 434, 443], 0.009191176470588236), 31479: ([59, 62, 69, 80, 103, 157, 179], 0.028455284552845527), 31486: ([16], 0.02564102564102564), 31515: ([68, 74], 0.015037593984962405), 31567: ([231, 243, 335], 0.005291005291005291), 31587: ([0, 23, 52], 0.024390243902439025), 31602: ([65], 0.014084507042253521), 31613: ([50], 0.0136986301369863), 31683: ([902], 0.0003875968992248062), 31690: ([16], 0.02564102564102564), 15855: ([24], 0.023255813953488372), 31850: ([163], 0.005208333333333333), 31852: ([34], 0.010869565217391304), 31881: ([162], 0.004132231404958678), 31887: ([30], 0.02127659574468085), 31891: ([31], 0.03125), 31932: ([7], 0.0625), 31969: ([5], 0.09090909090909091), 31973: ([11], 0.020833333333333332), 31992: ([98, 395, 398, 424, 433], 0.009345794392523364), 32006: ([31, 78, 132, 168, 246, 293, 345, 389, 441, 471, 479, 488, 610, 837, 1183, 1349, 1360, 2507, 2680, 2816, 3087, 3096, 3165, 3344, 3375, 3405, 3427, 3435, 3550, 3618, 3647, 3666, 3679, 3689, 3707, 3717, 3752, 3772, 3835, 3847, 3904, 4483, 4491, 4499, 4538, 4559, 4585, 4765, 4777, 4806, 4860, 4908, 5095, 5119, 5159, 5206, 5250], 0.010634328358208956), 32015: ([3], 0.02127659574468085), 32050: ([26], 0.013333333333333334), 32151: ([2, 7, 29, 97, 107, 194, 1774, 1854, 1870, 1975, 1995, 2320, 2329, 2363, 2468, 2490, 2498, 2620, 2648, 2649, 2719, 2768, 2813, 2826, 2836, 2855, 2865, 3020, 3025, 3286, 3500, 3566, 3574, 3600, 3605, 3650, 3701], 0.009948910997579994), 32160: ([1, 40, 43], 0.06666666666666667), 32192: ([1, 30, 50, 68], 0.01606425702811245), 32205: ([5], 0.022222222222222223), 32272: ([124], 0.0070921985815602835), 32300: ([509], 0.00034602076124567473), 32325: ([72, 196], 0.007272727272727273), 32327: ([121, 148], 0.013422818791946308), 32334: ([117], 0.005917159763313609), 32380: ([285, 293, 465, 474, 497, 504, 771, 778], 0.0098159509202454), 32595: ([128], 0.0040650406504065045), 32617: ([330, 335, 384, 387], 0.0035938903863432167), 32670: ([22], 0.030303030303030304), 32683: ([27], 0.02), 32687: ([43], 0.022222222222222223), 32706: ([5, 12, 22, 51, 81], 0.04065040650406504), 32716: ([5, 16], 0.03278688524590164), 32722: ([1, 4, 45, 48, 56, 59], 0.09090909090909091), 32787: ([2, 10, 19, 141, 382, 1581, 1590, 1624, 1698, 1729, 1759, 1781, 1789, 1891, 1959, 1974, 1987, 1997, 2016, 2026, 2061, 2081], 0.008115086683880487), 32803: ([1, 30, 50, 68], 0.01606425702811245), 32884: ([19], 0.0033444816053511705), 32920: ([1, 10, 16, 21, 28, 37, 47], 0.058333333333333334), 32932: ([5, 16, 21, 29, 47, 55, 65, 76], 0.050314465408805034), 32948: ([110, 176], 0.010362694300518135), 33045: ([27], 0.010101010101010102), 33134: ([36], 0.01694915254237288), 33154: ([2, 7, 29, 97, 107, 194, 1582, 1591, 1625, 1767, 1789, 1797, 1919, 1947, 1948, 2018, 2067, 2112, 2125, 2135, 2154, 2164, 2319, 2324, 2585, 2799, 2865, 2873, 2899, 2904, 2949, 3000], 0.010220376876397317), 33180: ([53, 127], 0.012269938650306749), 33314: ([2, 10, 17, 24, 54, 59, 71], 0.07142857142857142), 33346: ([25], 0.020833333333333332), 33398: ([46], 0.012658227848101266), 33436: ([30, 63, 67, 86, 93], 0.03787878787878788), 33443: ([52, 56], 0.018867924528301886), 33446: ([27], 0.009900990099009901), 33452: ([22, 28, 68, 104, 116, 129, 187], 0.01002865329512894), 33530: ([70], 0.010526315789473684), 33554: ([27], 0.02857142857142857), 33557: ([51, 85], 0.002758620689655172), 33629: ([11, 20, 38], 0.06666666666666667), 33647: ([27], 0.016129032258064516), 33731: ([33, 51], 0.02702702702702703), 33736: ([46], 0.014492753623188406), 33753: ([16, 47, 54, 61, 95, 166, 182, 188, 194], 0.03103448275862069), 33783: ([19, 35], 0.010471204188481676), 33832: ([25], 0.020833333333333332), 33861: ([80, 155], 0.0071174377224199285), 33863: ([62, 69], 0.013513513513513514), 33873: ([8], 0.05555555555555555), 34015: ([81], 0.0064516129032258064), 34034: ([50], 0.012048192771084338), 34051: ([163], 0.005208333333333333), 34092: ([1, 42, 52], 0.04918032786885246), 34224: ([138, 161, 193, 235, 255, 278], 0.019736842105263157), 34337: ([27], 0.009708737864077669), 34397: ([45, 47], 0.025), 34398: ([2, 120, 164, 186, 203, 212, 220, 228, 241, 285, 583, 608, 627], 0.01984732824427481), 34416: ([12], 0.024390243902439025), 34428: ([24, 43], 0.038461538461538464), 34441: ([5, 12, 29, 57, 93, 132], 0.021505376344086023), 34454: ([28], 0.0064516129032258064), 34618: ([51], 0.01694915254237288), 34711: ([110], 0.008264462809917356), 34716: ([5, 10, 32, 90, 100, 184, 1502, 1511, 1545, 1601, 1633, 1655, 1663, 1786, 1814, 1815, 1916, 1962, 2112, 2117, 2313, 2527, 2593, 2601, 2627, 2632, 2677, 2728, 2738, 2770, 2982, 3002, 3014, 3026, 3169, 3180, 3196, 3228], 0.011212747123045146), 34719: ([5, 16, 36, 55, 60, 74, 105], 0.042682926829268296), 34743: ([237], 0.0037313432835820895), 34791: ([0, 12, 29], 0.027777777777777776), 34807: ([41], 0.00847457627118644), 34812: ([5], 0.003787878787878788), 34838: ([2], 0.011363636363636364), 34842: ([24, 51], 0.022988505747126436), 34843: ([49], 0.010101010101010102), 34890: ([2, 23, 34, 39, 60, 65, 96, 107], 0.04395604395604396), 34913: ([65], 0.014084507042253521), 34929: ([25], 0.024390243902439025), 34942: ([1], 0.02631578947368421), 34944: ([19, 25, 34, 44, 74], 0.0390625), 35047: ([1, 15, 27, 49], 0.018018018018018018), 35135: ([24, 47], 0.03508771929824561), 35201: ([293], 0.0029940119760479044), 35272: ([62, 87, 92, 118, 139], 0.021367521367521368), 35342: ([0], 0.010416666666666666), 35464: ([92, 105], 0.01680672268907563), 35470: ([502, 511, 520], 0.0021231422505307855), 35479: ([40, 48, 58, 64, 73], 0.060240963855421686), 35513: ([4, 39, 44], 0.06666666666666667), 35533: ([9, 32, 41], 0.06666666666666667), 35539: ([106], 0.004310344827586207), 35544: ([297], 0.00211864406779661), 35555: ([13, 23, 39, 69], 0.024844720496894408), 35563: ([21, 72, 77, 118], 0.027210884353741496), 35759: ([163, 189, 200, 204, 390, 581, 585, 588, 759, 924, 950, 990], 0.01090909090909091), 15613: ([18], 0.015151515151515152), 35802: ([35], 0.016666666666666666), 35813: ([89], 0.010526315789473684), 35831: ([9, 128, 133], 0.021739130434782608), 35891: ([2], 0.02040816326530612), 35946: ([4, 10], 0.06060606060606061), 35948: ([21], 0.015873015873015872), 35986: ([27], 0.0136986301369863), 35991: ([419, 441, 467, 499, 504], 0.009174311926605505), 36003: ([1, 15, 27, 51], 0.024539877300613498), 36055: ([42], 0.006802721088435374), 36105: ([5], 0.05263157894736842), 36108: ([80], 0.0024937655860349127), 36112: ([13], 0.027777777777777776), 36227: ([41], 0.015625), 36270: ([0, 7], 0.03773584905660377), 36314: ([7, 38], 0.03508771929824561), 36505: ([25, 42, 64, 72, 85], 0.02976190476190476), 36539: ([39], 0.007518796992481203), 36624: ([53], 0.008928571428571428), 36664: ([97, 165], 0.005633802816901409), 36709: ([43, 51], 0.029411764705882353), 36757: ([83, 142], 0.012121212121212121), 36781: ([5, 14, 23, 43, 48, 83], 0.04411764705882353), 36807: ([26], 0.013333333333333334), 36835: ([76, 83], 0.01834862385321101), 36962: ([724], 0.0009871668311944718), 36995: ([22, 28, 68, 104, 116, 129], 0.013215859030837005), 37010: ([236], 0.0034965034965034965), 37095: ([6], 0.0196078431372549), 37108: ([474, 572], 0.002789400278940028), 37138: ([86, 95], 0.016), 37151: ([74], 0.009009009009009009), 37174: ([11, 19, 28, 150, 383, 1860, 2029, 2038, 2087, 2232, 2262, 2292, 2314, 2322, 2424, 2492, 2505, 2515, 2533, 2543, 2578, 2598, 3126, 3134, 3142], 0.007210845111047015), 37220: ([42], 0.015384615384615385), 37287: ([13, 23, 39, 69], 0.024844720496894408), 37343: ([98, 157], 0.011111111111111112), 37351: ([19], 0.0033444816053511705), 37393: ([83], 0.005291005291005291), 37415: ([34], 0.010101010101010102), 37468: ([36], 0.011494252873563218), 37480: ([47], 0.015625), 37486: ([38], 0.007874015748031496), 37509: ([123, 223], 0.00784313725490196), 37628: ([23, 284], 0.005847953216374269), 37646: ([17, 37], 0.03571428571428571), 37660: ([33], 0.014492753623188406), 37691: ([24], 0.023255813953488372), 37724: ([5], 0.0196078431372549), 37771: ([487, 509, 553, 558], 0.0068846815834767644), 37845: ([6, 23, 30], 0.03125), 37859: ([13, 13], 0.0006353240152477764), 37862: ([5, 22, 27, 31, 40, 5, 22, 27, 31, 40], 0.003544842254519674), 37863: ([10, 31, 52], 0.046153846153846156), 37865: ([9, 26, 42, 63, 9, 26, 42, 63], 0.0025412960609911056), 37880: ([38, 38], 0.0007089684509039348), 37886: ([10, 27, 43, 62, 10, 27, 43, 62], 0.002835873803615739), 37900: ([1, 15, 27, 49, 1, 15, 27, 49], 0.002835873803615739), 37901: ([6, 19, 36, 42, 6, 19, 36, 42], 0.002835873803615739), 37902: ([27, 27], 0.0007089684509039348), 37920: ([7, 24, 41, 7, 24, 41], 0.0021269053527118043), 37922: ([5, 22, 27, 43, 52, 5, 22, 27, 43, 52], 0.0031766200762388818), 37940: ([9, 26, 42, 63, 9, 26, 42, 63], 0.002835873803615739), 37953: ([10, 26, 42, 10, 26, 42], 0.0019059720457433292), 37967: ([10, 27, 43, 10, 27, 43], 0.0019059720457433292), 37970: ([17, 43, 69, 17, 43, 69], 0.0019059720457433292), 37978: ([7, 24, 29, 41], 0.044444444444444446), 37983: ([2, 11, 20, 40, 45, 80], 0.04411764705882353), 37999: ([7, 24, 39, 59, 7, 24, 39, 59], 0.002835873803615739), 38002: ([112, 112], 0.0006353240152477764), 38003: ([2, 10, 49, 2, 10, 49], 0.0021269053527118043), 38011: ([2, 31, 60], 0.034482758620689655), 38020: ([5, 16, 21, 29, 47, 55, 65, 76, 5, 16, 21, 29, 47, 55, 65, 76], 0.005671747607231478), 38022: ([27, 27], 0.0006353240152477764), 38039: ([7, 23, 28, 32, 40, 52, 7, 23, 28, 32, 40, 52], 0.004253810705423609), 38042: ([6, 23, 28, 40], 0.04597701149425287), 38046: ([4, 31, 91, 108, 120, 159], 0.02575107296137339), 38048: ([11, 32, 53, 11, 32, 53], 0.0019059720457433292), 38049: ([7, 24, 40, 61, 7, 24, 40, 61], 0.0025412960609911056), 38052: ([6, 29, 52, 6, 29, 52], 0.0021269053527118043), 38053: ([7, 16, 38, 91, 102, 111, 120], 0.043209876543209874), 38064: ([8, 25, 32, 8, 25, 32], 0.0019059720457433292), 38066: ([103], 0.004761904761904762), 38069: ([9, 29, 49, 9, 29, 49], 0.0019059720457433292), 38072: ([7, 24, 40, 61, 7, 24, 40, 61], 0.0025412960609911056), 38073: ([26], 0.005208333333333333), 38077: ([33, 33], 0.0006353240152477764), 38081: ([44, 80], 0.009433962264150943), 38084: ([10, 27, 43, 61, 10, 27, 43, 61], 0.0025412960609911056), 38096: ([47, 47], 0.0007089684509039348), 38100: ([1, 15, 27, 51], 0.023668639053254437), 38122: ([7, 24, 37, 53, 7, 24, 37, 53], 0.0025412960609911056), 38128: ([24, 55, 78, 24, 55, 78], 0.0019059720457433292), 38131: ([7, 21, 33, 41, 53, 7, 21, 33, 41, 53], 0.003544842254519674), 38133: ([7, 24, 31, 7, 24, 31], 0.0019059720457433292), 38136: ([7, 26, 38, 40, 7, 26, 38, 40], 0.002835873803615739), 38153: ([3, 19, 29, 36, 61, 3, 19, 29, 36, 61], 0.0031766200762388818), 38165: ([10, 27, 43, 62, 10, 27, 43, 62], 0.002835873803615739), 38185: ([7, 29, 51, 7, 29, 51], 0.0021269053527118043), 38191: ([8, 28, 48, 8, 28, 48], 0.0021269053527118043), 38194: ([10, 41, 49, 60, 74, 364, 10, 41, 49, 60, 74, 364], 0.0038119440914866584), 38201: ([6, 32, 58, 6, 32, 58], 0.0021269053527118043), 38203: ([21, 21], 0.0007089684509039348), 38205: ([12, 24, 26, 45, 63, 12, 24, 26, 45, 63], 0.003544842254519674), 38206: ([42], 0.005050505050505051), 38210: ([5, 22, 35, 40, 55, 60, 74, 97, 120, 5, 22, 35, 40, 55, 60, 74, 97, 120], 0.006380716058135413), 38214: ([6, 27, 48, 6, 27, 48], 0.0021269053527118043), 38234: ([6, 23, 33, 6, 23, 33], 0.0019059720457433292), 38248: ([16, 37, 58, 16, 37, 58], 0.0021269053527118043), 38252: ([10, 27, 43, 62, 10, 27, 43, 62], 0.002835873803615739), 38257: ([10, 10], 0.0006353240152477764), 38259: ([6, 23, 30], 0.03296703296703297), 38281: ([8, 25, 30, 42], 0.043478260869565216), 38311: ([6, 23, 30, 6, 23, 30], 0.0019059720457433292), 38313: ([6, 23], 0.023809523809523808), 38314: ([7, 12, 36, 52, 71], 0.04504504504504504), 38319: ([9, 27, 43, 62], 0.0392156862745098), 38320: ([9, 26, 42, 63], 0.038834951456310676), 38324: ([7, 24], 0.023529411764705882), 38327: ([7, 23, 28, 40, 7, 23, 28, 40], 0.0025412960609911056), 38330: ([6, 23, 28, 40, 6, 23, 28, 40], 0.0025412960609911056), 38333: ([10, 27, 43, 61], 0.039603960396039604), 38339: ([10, 27, 43, 62], 0.0392156862745098), 38341: ([9, 26, 42, 63, 9, 26, 42, 63], 0.0025412960609911056), 38346: ([1, 17, 27, 33, 67, 1, 17, 27, 33, 67], 0.0031766200762388818), 38348: ([7, 26, 34], 0.030303030303030304), 38349: ([10, 27, 43, 61], 0.039603960396039604), 38356: ([5, 22, 28, 33, 37, 45, 57], 0.0673076923076923), 38364: ([9, 26, 42, 63], 0.038834951456310676), 38370: ([6, 28, 50], 0.04411764705882353), 38380: ([7, 26, 38, 7, 26, 38], 0.0019059720457433292), 38389: ([5, 17, 19, 38, 56], 0.016286644951140065), 38392: ([7, 20, 37, 50], 0.035398230088495575), 38393: ([103, 134], 0.01015228426395939), 38398: ([7, 21, 26, 38], 0.047058823529411764), 38407: ([10, 27, 43, 62, 10, 27, 43, 62], 0.0025412960609911056), 38408: ([9, 26, 42, 61, 9, 26, 42, 61], 0.0025412960609911056), 38409: ([16, 22, 31, 41, 71, 16, 22, 31, 41, 71], 0.0031766200762388818), 38444: ([5, 16, 21, 29, 47, 55, 65, 76], 0.04878048780487805), 38450: ([18, 43, 48, 74, 95], 0.03289473684210526), 38455: ([42, 42], 0.0006353240152477764), 38463: ([5, 22, 27, 39, 5, 22, 27, 39], 0.0025412960609911056), 38464: ([39, 39], 0.0006353240152477764), 38482: ([7, 26, 31], 0.028846153846153848), 38485: ([6, 23, 30, 6, 23, 30], 0.0019059720457433292), 38488: ([8], 0.00510204081632653), 38516: ([93], 0.004545454545454545), 38522: ([69, 69], 0.0006353240152477764), 38523: ([2, 13, 33, 52, 57, 71, 102, 2, 13, 33, 52, 57, 71, 102], 0.0044472681067344345), 38530: ([6, 23, 30], 0.03225806451612903), 38536: ([109], 0.0053475935828877), 38542: ([1, 18], 0.014925373134328358), 38547: ([111], 0.005025125628140704), 38552: ([6, 25, 30], 0.02912621359223301), 38560: ([46, 91], 0.011904761904761904), 38565: ([29], 0.005376344086021506), 38575: ([10, 32, 54], 0.03896103896103896), 38585: ([47], 0.004405286343612335), 38588: ([121], 0.004901960784313725), 38589: ([7, 24, 29, 41], 0.045454545454545456), 38612: ([7, 40], 0.017699115044247787), 38634: ([1, 30, 50, 68], 0.01532567049808429), 38649: ([16, 37, 58], 0.02158273381294964), 38652: ([2, 13, 20, 35, 41, 49, 60], 0.04697986577181208), 38653: ([33], 0.006711409395973154), 38655: ([2, 11, 18, 23, 34, 44, 55], 0.05263157894736842), 38662: ([46, 91], 0.011627906976744186)}"
yourlastnameyourucinetidyourteamname,"{16603: ([1769, 2370], 0.00030613806826878924), 18665: ([2322], 0.0001719986240110079)}"
yasin,"{17173: ([14], 0.03333333333333333)}"
yehudit,"{17103: ([120], 0.0058823529411764705)}"
yeq,"{17172: ([108, 125], 0.00847457627118644)}"
yge,"{17172: ([137], 0.00423728813559322)}"
ygt,"{17172: ([131], 0.00423728813559322)}"
yingtong,"{16980: ([3, 5, 7], 0.3333333333333333)}"
yle,"{17172: ([149], 0.00423728813559322)}"
ylt,"{17172: ([143], 0.00423728813559322)}"
yoshida,"{17183: ([111], 0.007407407407407408)}"
yournewobject,"{17172: ([202], 0.00423728813559322)}"
yournewobjectinit,"{17172: ([5], 0.00423728813559322)}"
youth,"{16939: ([14, 68], 0.027777777777777776), 31448: ([21, 86], 0.02247191011235955), 37878: ([5, 5], 0.0006353240152477764), 37881: ([154], 0.005), 37948: ([77], 0.00625), 37991: ([228], 0.003289473684210526), 38068: ([217], 0.00392156862745098), 38287: ([210], 0.0025), 38440: ([15, 43, 71, 15, 43, 71], 0.0019059720457433292), 38517: ([157, 157], 0.0006353240152477764)}"
yradd,"{17172: ([167], 0.00423728813559322)}"
yrsub,"{17172: ([173], 0.00423728813559322)}"
yunheung,"{17233: ([28], 0.023809523809523808), 24591: ([24], 0.02564102564102564)}"
yw,"{16866: ([6197, 6224, 6251, 6278, 6727, 7275, 7679, 7779, 10195], 0.0008102268635217861), 37241: ([172, 247, 770], 0.0033076074972436605)}"
yaming,"{17319: ([0, 26, 31], 0.08333333333333333), 24508: ([319], 0.001392757660167131), 32797: ([0, 9], 0.045454545454545456), 38607: ([139], 0.0035842293906810036), 38651: ([36], 0.014492753623188406)}"
yearvalue,"{17272: ([136], 0.006896551724137931), 26453: ([134], 0.006993006993006993)}"
yyy,"{17347: ([17], 0.034482758620689655), 25259: ([18, 22, 113, 115], 0.03361344537815126), 25707: ([21], 0.03225806451612903)}"
yahoo,"{17868: ([85], 0.0035842293906810036), 20185: ([47], 0.015625), 22213: ([662], 0.00014058765640376775), 24508: ([35, 487], 0.002785515320334262), 24644: ([701], 0.00013945056477478735), 25580: ([719], 0.00013910140492418973), 26936: ([19], 0.03125), 27622: ([705], 0.0013605442176870747), 31593: ([119], 0.0012674271229404308), 35175: ([19], 0.03125), 35836: ([17, 318], 0.004132231404958678), 36655: ([705], 0.0013605442176870747)}"
york,"{17938: ([95], 0.008849557522123894), 18088: ([354], 0.0012515644555694619), 18410: ([24], 0.006535947712418301), 18750: ([2048], 0.00048355899419729207), 19966: ([34], 0.016666666666666666), 20269: ([147, 264, 379, 491], 0.0068143100511073255), 20449: ([76], 0.01282051282051282), 22493: ([49], 0.0196078431372549), 22758: ([15], 0.058823529411764705), 23383: ([119], 0.006172839506172839), 24478: ([35], 0.014705882352941176), 27266: ([75], 0.008849557522123894), 30712: ([58], 0.015384615384615385), 30818: ([90, 139, 147, 303, 352, 360], 0.014084507042253521), 31250: ([22], 0.041666666666666664), 32340: ([15, 30, 46, 62, 133, 146, 285, 292, 305, 395, 484], 0.018739352640545145), 32380: ([303], 0.001226993865030675), 32914: ([21], 0.043478260869565216), 33098: ([15], 0.058823529411764705), 35836: ([1, 78, 93, 314, 400], 0.010330578512396695), 36293: ([2048], 0.00048355899419729207), 36461: ([6, 16], 0.09090909090909091), 37509: ([207], 0.00392156862745098), 37687: ([49], 0.0196078431372549), 37935: ([4, 22, 40, 64], 0.058823529411764705), 37952: ([110, 110], 0.0007089684509039348), 38025: ([42, 89, 42, 89], 0.0012706480304955528), 38035: ([100, 100], 0.0007089684509039348), 38091: ([63], 0.0056179775280898875), 38115: ([1, 24, 47, 76, 1, 24, 47, 76], 0.002835873803615739), 38134: ([5, 72, 5, 72], 0.0014179369018078695), 38347: ([2, 28, 54, 2, 28, 54], 0.0019059720457433292), 38421: ([4, 27, 50], 0.04225352112676056), 38511: ([40], 0.0041841004184100415), 38516: ([99, 217], 0.00909090909090909), 38590: ([35, 176], 0.010869565217391304)}"
y5,"{18143: ([25], 0.027777777777777776)}"
yiran,"{18197: ([216, 260, 302, 416, 508, 965, 1009, 1051, 1165, 1257], 0.006675567423230975), 30830: ([493], 0.0016501650165016502)}"
yongwei,"{18319: ([379, 803], 0.0019175455417066154)}"
yoon,"{18319: ([346, 623, 765, 837, 979, 991], 0.005752636625119847), 20499: ([0, 42, 45], 0.0625)}"
yosef,"{18300: ([7, 13, 19], 0.125), 23951: ([6], 0.03225806451612903), 25036: ([2], 0.03333333333333333), 25725: ([3], 0.0625), 27508: ([5], 0.029411764705882353), 27522: ([2], 0.04), 32013: ([226, 455], 0.0032679738562091504), 36316: ([2], 0.02631578947368421), 37091: ([1, 6, 11], 0.2), 37720: ([13], 0.034482758620689655)}"
yuqi,"{18319: ([302, 312, 349, 560, 576, 626], 0.005752636625119847)}"
yurok,"{18206: ([0, 32, 33], 0.08823529411764706), 31604: ([0, 30, 31], 0.09375)}"
yuzawa,"{18197: ([633, 1382], 0.0013351134846461949)}"
yellen,"{18585: ([1, 29], 0.06666666666666667), 29756: ([8, 13], 0.09090909090909091)}"
yesno,"{18822: ([10], 0.012658227848101266), 33782: ([10], 0.021739130434782608)}"
yetta,"{18692: ([1, 5, 9], 0.25)}"
yorker,"{18750: ([1956], 0.00048355899419729207), 21719: ([49, 57], 0.03389830508474576), 27266: ([79], 0.008849557522123894), 30566: ([35], 0.027777777777777776), 32540: ([35], 0.027777777777777776), 36293: ([1956], 0.00048355899419729207), 37853: ([2, 20, 38, 2, 20, 38], 0.0019059720457433292), 38022: ([50, 50], 0.0006353240152477764), 38340: ([5, 26, 47, 73, 5, 26, 47, 73], 0.0025412960609911056), 38467: ([55, 117, 55, 117], 0.0012706480304955528), 38522: ([92, 92], 0.0006353240152477764), 38559: ([58, 169], 0.0106951871657754)}"
yourlastnameyouridyourteamname,"{18665: ([5651], 0.0001719986240110079)}"
yanni,"{18972: ([0, 34, 36], 0.07894736842105263), 19108: ([3, 42, 47], 0.061224489795918366)}"
yg11,"{19233: ([9], 0.03225806451612903)}"
yg7,"{19233: ([4], 0.03225806451612903)}"
yg8,"{19233: ([8], 0.03225806451612903)}"
yields,"{19172: ([103], 0.0037174721189591076), 19249: ([72], 0.010416666666666666), 22486: ([17], 0.01818181818181818), 25846: ([102], 0.0035971223021582736), 27567: ([339], 0.0008748906386701663), 28226: ([324, 684, 1029, 1347, 1665, 1959], 0.002997002997002997), 38231: ([36, 36], 0.0006353240152477764), 38470: ([8, 26, 44, 8, 26, 44], 0.0019059720457433292), 38585: ([85], 0.004405286343612335)}"
yosemite,"{19137: ([3], 0.034482758620689655), 22914: ([9], 0.014084507042253521)}"
yessayan,"{19567: ([60], 0.009433962264150943)}"
yosiphon,"{19633: ([11, 22], 0.058823529411764705), 27622: ([609], 0.0013605442176870747), 36655: ([609], 0.0013605442176870747)}"
y3,"{20058: ([660], 0.0013422818791946308), 24750: ([1709], 0.0004038772213247173)}"
yearbook,"{20004: ([580], 0.001692047377326565)}"
yug,"{19905: ([82], 0.008130081300813009)}"
yong,"{20211: ([4, 33, 45, 59], 0.045454545454545456), 26273: ([11], 0.00267379679144385), 27622: ([361], 0.0013605442176870747), 32450: ([10], 0.015873015873015872), 36108: ([16], 0.0024937655860349127), 36655: ([361], 0.0013605442176870747)}"
yaakov,"{20699: ([2, 7, 12], 0.2), 27689: ([7, 12], 0.13333333333333333), 28407: ([7, 12, 17], 0.15), 32013: ([570], 0.0016339869281045752)}"
ye,"{20530: ([8, 11], 0.14285714285714285), 25278: ([0, 6, 15, 25, 34, 48, 58, 69, 77, 86, 96, 105, 115, 123, 131, 135], 0.11510791366906475), 25720: ([8, 11], 0.14285714285714285)}"
yo,"{20959: ([25, 45], 0.043478260869565216), 22291: ([1, 39, 42], 0.06818181818181818)}"
yourmachine,"{20919: ([461, 463, 465, 468, 473, 476, 479, 482, 483, 490, 492, 497, 499], 0.02564102564102564), 24235: ([280, 285], 0.006666666666666667), 25102: ([265], 0.003676470588235294)}"
yuanfang,"{20977: ([50], 0.0072992700729927005), 34598: ([29], 0.01098901098901099)}"
yucca,"{21141: ([0, 30, 31], 0.09375), 22858: ([0, 33, 35], 0.08108108108108109), 28649: ([0, 31, 32], 0.09090909090909091), 35933: ([0, 34, 36], 0.07894736842105263)}"
yuzo,"{20899: ([10, 26, 29], 0.05357142857142857), 31227: ([0, 13, 36, 38], 0.1), 32455: ([28, 31], 0.03508771929824561)}"
yvar,"{21056: ([399], 0.00228310502283105), 23248: ([22, 49], 0.02040816326530612)}"
yeah,"{21431: ([385], 0.0016155088852988692)}"
yi,"{21330: ([14], 0.027777777777777776), 30562: ([14], 0.034482758620689655), 33220: ([129], 0.005917159763313609)}"
yuki,"{21492: ([1, 34, 37], 0.07692307692307693), 35330: ([1, 38, 41], 0.06976744186046512)}"
yî,"{21671: ([14, 34], 0.04)}"
yextend,"{22062: ([120], 0.004081632653061225), 34031: ([120], 0.004166666666666667)}"
yman,"{22007: ([10], 0.00819672131147541)}"
yooks,"{21993: ([0, 32, 35], 0.07894736842105263)}"
yourlogin,"{21865: ([28, 29], 0.06666666666666667)}"
yuheng,"{21827: ([2, 66], 0.028169014084507043), 26300: ([2, 66], 0.028169014084507043), 37849: ([103, 103], 0.0007089684509039348), 38376: ([21, 53, 85, 21, 53, 85], 0.0019059720457433292), 38454: ([88], 0.005681818181818182)}"
yang,"{22213: ([139], 0.00014058765640376775), 23357: ([2, 6], 0.2222222222222222), 24114: ([10, 24, 38, 42, 46], 0.054945054945054944), 24644: ([139], 0.00013945056477478735), 25001: ([6], 0.004807692307692308), 25580: ([139], 0.00013910140492418973), 25683: ([0, 32, 34], 0.08333333333333333), 26377: ([10, 24, 37, 55, 67, 80, 94, 113, 127, 141, 154, 165, 175, 192, 208, 224, 241, 253, 265, 279, 298, 317, 329, 342, 361, 365, 369], 0.03873744619799139), 27027: ([1, 5], 0.25), 27448: ([46], 0.0058823529411764705), 29475: ([4, 64], 0.011695906432748537), 31590: ([44, 104, 118, 140, 154, 161, 224, 228, 252, 260], 0.03436426116838488), 33200: ([10, 24, 38, 42, 46], 0.054945054945054944), 35759: ([610], 0.0009090909090909091), 38631: ([204], 0.003816793893129771)}"
yawornik,"{22391: ([143], 0.0007905138339920949)}"
yugoslavia,"{22391: ([286, 299, 319], 0.0023715415019762848)}"
y15,"{22517: ([32], 0.02564102564102564)}"
ycompareto,"{22870: ([1579], 0.0004268032437046522)}"
yradius,"{22641: ([657, 1103], 0.0015923566878980893)}"
yearlong,"{22931: ([20], 0.0196078431372549)}"
y10,"{23493: ([34], 0.02564102564102564)}"
yehuda,"{23483: ([268], 0.003389830508474576), 24232: ([8, 12], 0.14285714285714285), 27508: ([6], 0.029411764705882353), 32712: ([1], 0.05263157894736842), 36321: ([39, 51], 0.03773584905660377)}"
y2,"{23703: ([156, 169], 0.009433962264150943), 25114: ([1572], 0.0005763688760806917), 32300: ([186], 0.00034602076124567473), 32781: ([181], 0.004), 37598: ([556], 0.0016129032258064516)}"
ybc,"{23845: ([9], 0.018518518518518517)}"
yonsei,"{24008: ([104], 0.005)}"
yylex,"{24266: ([82], 0.009174311926605505), 27364: ([30], 0.01694915254237288), 30154: ([19, 53, 56, 57], 0.06896551724137931), 33919: ([15], 0.030303030303030304), 36498: ([36], 0.017543859649122806)}"
y8,"{24750: ([279, 1707], 0.0008077544426494346), 32300: ([416], 0.00034602076124567473)}"
yamingyu,"{24508: ([316], 0.001392757660167131)}"
ym,"{24654: ([22], 0.02564102564102564)}"
ytemp,"{24750: ([290, 1682, 1685, 1690, 1692, 1695, 1699], 0.002827140549273021)}"
y1,"{25114: ([1570], 0.0005763688760806917), 26374: ([13, 16, 62, 65], 0.04040404040404041), 32147: ([23, 37, 44, 45], 0.0067226890756302525), 32300: ([182, 381], 0.0006920415224913495), 32781: ([149], 0.004), 34144: ([25, 39, 46, 47], 0.0067226890756302525), 37598: ([554], 0.0016129032258064516)}"
yente,"{25036: ([8], 0.03333333333333333)}"
yetim,"{25001: ([38], 0.004807692307692308)}"
yhagar,"{24971: ([21], 0.014285714285714285)}"
yoho,"{25235: ([77], 0.010309278350515464)}"
yolanda,"{24971: ([17, 66], 0.02857142857142857)}"
yap,"{25343: ([45], 0.011235955056179775), 30539: ([45], 0.011235955056179775)}"
yhol,"{26151: ([13], 0.02)}"
yj,"{26273: ([209], 0.00267379679144385)}"
yuan,"{26273: ([169], 0.00267379679144385)}"
yamashita,"{26640: ([28], 0.017241379310344827)}"
yusuf,"{26972: ([6], 0.022222222222222223)}"
y50,"{27288: ([30], 0.022727272727272728)}"
yau,"{27622: ([438], 0.0013605442176870747), 29427: ([78], 0.009615384615384616), 36655: ([438], 0.0013605442176870747)}"
year,"{27148: ([201], 0.0025), 27753: ([17], 0.007874015748031496), 27845: ([8, 24], 0.07692307692307693), 27881: ([22, 78], 0.022988505747126436), 27962: ([27], 0.0011627906976744186), 18414: ([3], 0.012195121951219513), 28300: ([29, 42], 0.02), 28325: ([255], 0.0035087719298245615), 28574: ([1349, 1372], 0.0010712372790573112), 28669: ([19], 0.014925373134328358), 28921: ([9, 38], 0.05128205128205128), 28974: ([17], 0.007874015748031496), 29061: ([52, 99], 0.004694835680751174), 29182: ([594, 690, 1905], 0.001392757660167131), 29427: ([85, 103], 0.019230769230769232), 29630: ([244], 0.001184834123222749), 29643: ([1423], 0.0003123048094940662), 29841: ([88], 0.006802721088435374), 30084: ([112], 0.004366812227074236), 30233: ([71], 0.005988023952095809), 30391: ([101], 0.00909090909090909), 30883: ([240, 275], 0.0029154518950437317), 31000: ([101, 122], 0.012048192771084338), 31042: ([635], 0.0012453300124533001), 31091: ([549], 0.0014992503748125937), 31280: ([51], 0.006289308176100629), 31558: ([148, 156], 0.012578616352201259), 31680: ([192], 0.0021645021645021645), 31683: ([1559], 0.0003875968992248062), 32123: ([146, 316], 0.0039603960396039604), 32300: ([143, 145, 149, 153, 809, 813, 819, 821, 825, 829, 841, 849, 853, 860, 862, 974, 987, 997, 1023, 1068, 1076, 1086, 1094, 1219, 1253, 1262], 0.008996539792387544), 32602: ([29, 42], 0.025974025974025976), 14846: ([3], 0.011111111111111112), 32932: ([51], 0.006289308176100629), 33131: ([748], 0.000731528895391368), 33171: ([57, 90], 0.02197802197802198), 33282: ([3, 11], 0.125), 33539: ([4, 36], 0.041666666666666664), 34138: ([2, 13, 24], 0.09090909090909091), 34218: ([1, 33, 37], 0.075), 34232: ([29, 42], 0.02), 34305: ([2485], 0.0001920860545524395), 34802: ([5], 0.018867924528301886), 34842: ([5], 0.011494252873563218), 35203: ([15, 51], 0.03636363636363636), 35300: ([3, 40, 45], 0.06382978723404255), 35479: ([28], 0.012048192771084338), 35590: ([5], 0.02), 36293: ([357], 0.00048355899419729207), 36410: ([43], 0.010416666666666666), 37041: ([24], 0.011111111111111112), 37042: ([29, 42], 0.02), 37169: ([87, 104, 335, 347], 0.010230179028132993), 37170: ([29, 42], 0.02), 37246: ([14], 0.02040816326530612), 37453: ([29, 42], 0.02), 37509: ([94], 0.00392156862745098), 37598: ([527, 530], 0.0032258064516129032), 38020: ([51, 51], 0.0007089684509039348), 38077: ([51, 51], 0.0006353240152477764), 38128: ([36, 36], 0.0006353240152477764), 38194: ([422, 488, 422, 488], 0.0012706480304955528), 38201: ([18, 44, 70, 18, 44, 70], 0.0021269053527118043), 38248: ([14, 14], 0.0007089684509039348), 38393: ([115], 0.005076142131979695), 38444: ([51], 0.006097560975609756), 38560: ([98, 119], 0.011904761904761904), 38649: ([14], 0.007194244604316547), 38653: ([51], 0.006711409395973154), 38662: ([98, 119], 0.011627906976744186)}"
yehoshua,"{27522: ([4], 0.04), 28818: ([5, 13, 21], 0.10714285714285714), 29096: ([14], 0.029411764705882353)}"
yentshi,"{27537: ([2], 0.043478260869565216)}"
yifang,"{27466: ([3, 43, 48], 0.06)}"
yissoschur,"{27508: ([29], 0.029411764705882353), 35477: ([8, 13, 18, 22], 0.17391304347826086)}"
yung,"{27510: ([30], 0.0196078431372549), 35836: ([268], 0.002066115702479339)}"
yen,"{28033: ([26, 53, 99, 138, 196], 0.0165016501650165)}"
yorick,"{28104: ([2, 37, 40], 0.07317073170731707)}"
youthanasia,"{28226: ([307, 309, 667, 669, 1012, 1014, 1330, 1332, 1648, 1650, 1942, 1944, 2000], 0.006493506493506494)}"
y105,"{28550: ([1072], 0.000835421888053467)}"
y112,"{28550: ([1099], 0.000835421888053467)}"
y203,"{28550: ([1029], 0.000835421888053467)}"
y213,"{28550: ([1056], 0.000835421888053467)}"
y223,"{28550: ([1083], 0.000835421888053467)}"
y233,"{28550: ([1110], 0.000835421888053467)}"
y30,"{28738: ([32], 0.02857142857142857)}"
y91,"{28550: ([1018], 0.000835421888053467)}"
y98,"{28550: ([1045], 0.000835421888053467)}"
yellow,"{28790: ([2, 42, 48], 0.057692307692307696), 28912: ([0, 31, 34], 0.08108108108108109), 28956: ([0, 36, 38], 0.075), 28957: ([0, 32, 35], 0.07894736842105263), 29597: ([0, 35, 37], 0.07692307692307693), 32083: ([7], 0.05263157894736842), 32710: ([0, 29, 32], 0.08571428571428572), 33330: ([1, 31, 34], 0.08333333333333333), 33675: ([0, 34, 37], 0.075), 33951: ([0, 26, 28], 0.1), 36740: ([0, 32, 35], 0.07894736842105263)}"
yybegin,"{28496: ([145], 0.004901960784313725)}"
yypushback,"{28496: ([147], 0.004901960784313725)}"
yystate,"{28496: ([146], 0.004901960784313725)}"
yytext,"{28496: ([6], 0.004901960784313725)}"
y20,"{29145: ([34], 0.023809523809523808), 34857: ([33], 0.023255813953488372), 36276: ([38], 0.023255813953488372)}"
yasser,"{29273: ([2, 58], 0.02631578947368421), 34807: ([9], 0.00847457627118644)}"
yearly,"{29182: ([6, 89], 0.0009285051067780873)}"
yedidya,"{29096: ([19], 0.029411764705882353)}"
youngest,"{29079: ([16], 0.011363636363636364), 31683: ([320], 0.0003875968992248062)}"
younis,"{29267: ([52, 748, 1016, 1583, 1932, 2659, 2675, 3401], 0.0014008054631413063)}"
younisa,"{29267: ([3433], 0.0001751006828926633)}"
your,"{28949: ([95], 0.008620689655172414), 28974: ([6, 15, 35, 44, 70], 0.03937007874015748), 29012: ([3, 37, 42], 0.06818181818181818), 29056: ([16], 0.03333333333333333), 29061: ([185], 0.002347417840375587), 29082: ([18], 0.03125), 29093: ([3, 37, 43], 0.06521739130434782), 29164: ([7], 0.1111111111111111), 29177: ([28], 0.02040816326530612), 29182: ([354, 376, 490, 520, 531, 536, 586, 592, 602, 608, 648, 688, 693, 709, 746, 939, 971, 1006, 1042, 1049, 1292, 1309, 1341, 1418, 1433, 1444, 1459, 1472, 1491, 1502, 1524, 1527, 1561, 1565, 1576, 1617, 1626, 1633, 1741, 1810, 1928, 1937, 1982, 2115], 0.02042711234911792), 29196: ([82], 0.005847953216374269), 29267: ([31, 106, 244, 266, 291, 335, 363, 2311, 2332, 2442, 2539, 2549, 2690, 2718, 2750, 2753, 2791, 2801, 2810, 2834, 3775, 3790, 3799, 3839, 4007, 4074, 4114, 4157, 4167, 4189, 4202, 4215, 4251, 4263, 4277, 4297, 4366, 4375, 4393, 4482, 4510, 4534, 4659, 4724, 4812, 4842, 4963, 4969, 4980, 4991, 5028, 5612], 0.00910523551041849), 29274: ([8, 56, 70], 0.012096774193548387), 29339: ([112], 0.0055248618784530384), 29375: ([2, 36, 41], 0.06818181818181818), 29408: ([11, 36], 0.031746031746031744), 29427: ([35, 46, 74], 0.028846153846153848), 29438: ([37, 51, 55, 63, 1546, 1981, 2210, 2234, 2281, 2290, 2308, 2416, 2637, 2707, 2719, 2738], 0.005230467473030402), 29444: ([141, 685, 703], 0.004070556309362279), 29476: ([83], 0.006802721088435374), 29487: ([11], 0.02), 29500: ([14], 0.038461538461538464), 29505: ([10], 0.023255813953488372), 29520: ([27, 43, 55, 62, 75, 92, 109], 0.038461538461538464), 29580: ([20, 23], 0.08), 29604: ([315], 0.002881844380403458), 29606: ([8], 0.05555555555555555), 29636: ([337], 0.002849002849002849), 29701: ([112, 241, 352, 374, 383, 396, 402], 0.015384615384615385), 29750: ([49, 61], 0.02564102564102564), 29764: ([62, 121, 135, 139, 152, 186], 0.031413612565445025), 29841: ([30, 37, 49, 62], 0.027210884353741496), 29905: ([82], 0.01), 29940: ([5], 0.047619047619047616), 29956: ([45], 0.0125), 30083: ([7, 14, 18], 0.09090909090909091), 30093: ([54], 0.007575757575757576), 30169: ([24, 49, 55, 75], 0.025806451612903226), 30192: ([112], 0.0055248618784530384), 30233: ([67], 0.005988023952095809), 30276: ([13], 0.02), 30279: ([122, 129, 162, 239], 0.014184397163120567), 30306: ([10, 46], 0.024691358024691357), 30334: ([15], 0.00819672131147541), 30520: ([40], 0.0196078431372549), 30679: ([45], 0.020833333333333332), 30685: ([5], 0.02857142857142857), 30694: ([67], 0.008695652173913044), 30735: ([16, 29, 92], 0.02912621359223301), 30737: ([79], 0.008695652173913044), 30804: ([193], 0.0016638935108153079), 30818: ([7, 177, 220, 390], 0.009389671361502348), 30867: ([29], 0.017543859649122806), 30912: ([51, 144], 0.011695906432748537), 30944: ([239], 0.0034482758620689655), 30952: ([54], 0.01282051282051282), 30996: ([83, 105, 153], 0.017543859649122806), 30998: ([17, 31, 76, 90], 0.0392156862745098), 31024: ([5], 0.043478260869565216), 31032: ([2], 0.017857142857142856), 31042: ([711], 0.0012453300124533001), 31150: ([6, 28, 47], 0.023622047244094488), 31182: ([86], 0.009615384615384616), 31277: ([108], 0.003236245954692557), 31280: ([9, 36, 68], 0.018867924528301886), 31284: ([116], 0.006369426751592357), 31307: ([84], 0.00980392156862745), 31321: ([91], 0.01), 31334: ([73], 0.013157894736842105), 31368: ([8, 17, 29], 0.02857142857142857), 31396: ([12], 0.06666666666666667), 31486: ([36], 0.02564102564102564), 31517: ([14], 0.0125), 31587: ([13, 33, 78], 0.024390243902439025), 31613: ([70], 0.0136986301369863), 31614: ([13, 20, 27], 0.09090909090909091), 31690: ([36], 0.02564102564102564), 31832: ([2, 15], 0.0425531914893617), 31881: ([164, 191, 204], 0.012396694214876033), 31887: ([37], 0.02127659574468085), 31927: ([48, 58, 72, 157, 167, 181, 298, 309, 323, 415], 0.023923444976076555), 31929: ([18], 0.02857142857142857), 31973: ([16, 19], 0.041666666666666664), 32006: ([36, 83, 137, 173, 227, 234, 251, 298, 350, 394, 507, 535, 785, 789, 811, 824, 833, 843, 856, 860, 865, 875, 2500, 2512, 2683, 2703, 2719, 2736, 2774, 2785, 2789, 2797, 2799, 2805, 2821, 2831, 2840, 2864, 3759, 3765, 3777, 3784, 3789, 3829, 3995, 4045, 4054, 4072, 4177, 4205, 4229, 4410, 4474, 4562, 4592, 4694, 4700, 4711, 4722, 4759, 5100, 5124, 5164, 5211, 5255], 0.012126865671641791), 32148: ([5], 0.009259259259259259), 32151: ([37, 51, 55, 63, 1761, 1763, 1810, 1861, 1867, 1986, 2356, 2754, 2983, 3007, 3054, 3063, 3081, 3189, 3410, 3480, 3492, 3511], 0.005915568701263781), 32192: ([4, 16, 42, 56, 62], 0.020080321285140562), 32316: ([20], 0.005154639175257732), 32325: ([143, 151, 251, 271], 0.014545454545454545), 32327: ([131, 143], 0.013422818791946308), 32380: ([130, 251], 0.00245398773006135), 32617: ([379], 0.0008984725965858042), 32683: ([47], 0.02), 32787: ([38, 66, 690, 1617, 2068, 2074, 2086, 2092, 2097, 2218, 2269, 2278, 2296, 2405, 2545], 0.005533013648100332), 32803: ([4, 16, 42, 56, 62], 0.020080321285140562), 32885: ([15, 25, 30], 0.05660377358490566), 32900: ([35, 67, 95], 0.028037383177570093), 32920: ([5, 24, 40], 0.025), 32932: ([9, 36, 68], 0.018867924528301886), 32948: ([122], 0.0051813471502590676), 32955: ([5, 20], 0.06666666666666667), 32956: ([12], 0.024390243902439025), 33134: ([56], 0.01694915254237288), 33150: ([15], 0.03125), 33154: ([37, 51, 55, 63, 1618, 2053, 2282, 2306, 2353, 2362, 2380, 2488, 2709, 2779, 2791, 2810], 0.005110188438198659), 33180: ([73, 83, 147, 157], 0.024539877300613498), 33201: ([13, 33, 46, 57, 63, 79, 86, 102], 0.06779661016949153), 33299: ([10], 0.0136986301369863), 33314: ([35, 46, 74], 0.030612244897959183), 33346: ([45], 0.020833333333333332), 33414: ([93], 0.004672897196261682), 33423: ([2], 0.023809523809523808), 33436: ([77], 0.007575757575757576), 33452: ([11, 34, 51, 78, 82, 90, 197], 0.01002865329512894), 33530: ([54, 80], 0.021052631578947368), 33554: ([5], 0.02857142857142857), 33557: ([66, 69], 0.002758620689655172), 33647: ([30, 36], 0.03225806451612903), 33731: ([71], 0.013513513513513514), 33736: ([48], 0.014492753623188406), 33753: ([26, 29, 160, 177], 0.013793103448275862), 33783: ([25], 0.005235602094240838), 33789: ([12, 45], 0.03508771929824561), 33832: ([45], 0.020833333333333332), 33861: ([85], 0.0035587188612099642), 33897: ([3, 38, 44], 0.06382978723404255), 34015: ([65, 102, 110, 140], 0.025806451612903226), 34017: ([7, 14, 42, 49], 0.06896551724137931), 34092: ([8, 49, 59], 0.04918032786885246), 34152: ([18], 0.03125), 34224: ([163, 243], 0.006578947368421052), 34398: ([7, 125, 169, 247, 251, 254, 572], 0.010687022900763359), 34441: ([45, 51, 62, 74, 89, 99, 176, 188], 0.02867383512544803), 34442: ([2], 0.05555555555555555), 34454: ([81, 107], 0.012903225806451613), 34716: ([40, 44, 48, 56, 1538, 1948, 2080, 2099, 2146, 2155, 2173, 2437, 2507, 2519, 2538, 2794, 2815, 2834, 3182], 0.005606373561522573), 34719: ([10, 12, 25, 51, 57, 77, 101], 0.042682926829268296), 34791: ([39], 0.009259259259259259), 34807: ([39, 52, 56], 0.025423728813559324), 34825: ([27, 36, 43], 0.05555555555555555), 34842: ([56, 64], 0.022988505747126436), 34843: ([20], 0.010101010101010102), 34890: ([27, 43, 55, 62, 75, 92, 109], 0.038461538461538464), 34944: ([9, 38, 64, 68, 83], 0.0390625), 34946: ([55], 0.011363636363636364), 35010: ([9], 0.015384615384615385), 35047: ([4, 39, 45], 0.013513513513513514), 35111: ([1, 35, 38], 0.075), 35157: ([4], 0.023809523809523808), 35272: ([46, 112], 0.008547008547008548), 35276: ([53], 0.014925373134328358), 35365: ([116], 0.007518796992481203), 35479: ([0, 16, 20], 0.03614457831325301), 35498: ([18], 0.027777777777777776), 35500: ([3], 0.0625), 35533: ([22], 0.022222222222222223), 35544: ([28, 32, 186, 202, 237, 245, 261, 353, 365, 373], 0.0211864406779661), 35555: ([17, 33, 50, 73], 0.024844720496894408), 35575: ([3, 37, 43], 0.06521739130434782), 35759: ([381, 385, 591, 940, 954, 1010], 0.005454545454545455), 35813: ([87], 0.010526315789473684), 35872: ([8, 12], 0.047619047619047616), 35991: ([485], 0.001834862385321101), 36003: ([4, 39, 45], 0.018404907975460124), 36112: ([33], 0.027777777777777776), 36220: ([56], 0.008264462809917356), 36227: ([61], 0.015625), 36270: ([13], 0.018867924528301886), 36450: ([10], 0.04), 36492: ([3, 10, 37, 44], 0.06896551724137931), 36505: ([35, 54], 0.011904761904761904), 36668: ([13], 0.025), 36709: ([20], 0.014705882352941176), 36712: ([93], 0.004132231404958678), 36757: ([57, 95, 144], 0.01818181818181818), 36781: ([17, 39, 45, 79], 0.029411764705882353), 36863: ([61], 0.010869565217391304), 36962: ([666, 678], 0.0019743336623889436), 36981: ([8], 0.023809523809523808), 36995: ([11, 34, 51, 78, 82, 90], 0.013215859030837005), 37174: ([47, 75, 2080, 2585, 2591, 2603, 2609, 2614, 2735, 2781, 2790, 2808, 2913, 3053, 3117, 3194, 3340], 0.00490337467551197), 37177: ([55], 0.011363636363636364), 37179: ([6, 15, 45, 54], 0.06060606060606061), 37220: ([44], 0.015384615384615385), 37287: ([17, 33, 50, 73], 0.024844720496894408), 37297: ([6], 0.019230769230769232), 37313: ([7], 0.06666666666666667), 37343: ([72, 110, 159], 0.016666666666666666), 37382: ([12, 26], 0.06666666666666667), 37393: ([68], 0.005291005291005291), 37468: ([60, 68, 73], 0.034482758620689655), 37480: ([51, 59], 0.03125), 37485: ([24], 0.03333333333333333), 37486: ([36, 49, 53], 0.023622047244094488), 37531: ([15], 0.058823529411764705), 37628: ([37], 0.0029239766081871343), 37648: ([6], 0.058823529411764705), 37660: ([53, 63], 0.028985507246376812), 37661: ([2], 0.024390243902439025), 37745: ([94, 100, 131, 137, 199, 205, 218, 224], 0.03389830508474576), 37771: ([539, 574], 0.0034423407917383822), 37845: ([11, 17, 34, 43, 55, 59], 0.0625), 37847: ([37, 37], 0.0006353240152477764), 37859: ([20, 20], 0.0006353240152477764), 37862: ([10, 19, 53, 57, 61, 68, 10, 19, 53, 57, 61, 68], 0.004253810705423609), 37865: ([16, 22, 30, 49, 58, 65, 72, 16, 22, 30, 49, 58, 65, 72], 0.0044472681067344345), 37881: ([60], 0.005), 37886: ([17, 31, 50, 59, 64, 71, 17, 31, 50, 59, 64, 71], 0.004253810705423609), 37900: ([4, 39, 45, 4, 39, 45], 0.0021269053527118043), 37901: ([11, 55, 65, 69, 77, 84, 11, 55, 65, 69, 77, 84], 0.004253810705423609), 37902: ([31, 31], 0.0007089684509039348), 37918: ([9, 30, 51, 9, 30, 51], 0.0019059720457433292), 37922: ([10, 19, 65, 71, 78, 85, 10, 19, 65, 71, 78, 85], 0.0038119440914866584), 37924: ([114, 114], 0.0006353240152477764), 37940: ([16, 22, 30, 49, 58, 65, 72, 16, 22, 30, 49, 58, 65, 72], 0.004962779156327543), 37942: ([9, 9], 0.0006353240152477764), 37962: ([10, 34, 58, 10, 34, 58], 0.0021269053527118043), 37967: ([17, 23, 31, 47, 17, 23, 31, 47], 0.0025412960609911056), 37970: ([13, 39, 65, 13, 39, 65], 0.0019059720457433292), 37972: ([8, 30, 52, 8, 30, 52], 0.0021269053527118043), 37978: ([12, 21, 37, 54, 58, 62, 69], 0.07777777777777778), 37983: ([14, 36, 42, 76], 0.029411764705882353), 37988: ([116], 0.0053475935828877), 37999: ([14, 20, 28, 46, 54, 61, 67, 14, 20, 28, 46, 54, 61, 67], 0.004962779156327543), 38001: ([2, 30, 58], 0.03571428571428571), 38002: ([86, 91, 86, 91], 0.0012706480304955528), 38003: ([34, 34], 0.0007089684509039348), 38011: ([5, 17, 34, 46, 63, 75], 0.06896551724137931), 38020: ([9, 36, 68, 9, 36, 68], 0.0021269053527118043), 38022: ([30, 42, 30, 42], 0.0012706480304955528), 38035: ([36, 36], 0.0007089684509039348), 38039: ([11, 20, 48, 65, 69, 73, 80, 11, 20, 48, 65, 69, 73, 80], 0.004962779156327543), 38042: ([11, 20, 36, 53, 57, 61, 68], 0.08045977011494253), 38046: ([9, 18, 43, 56, 59, 164], 0.02575107296137339), 38049: ([14, 20, 28, 47, 56, 63, 70, 14, 20, 28, 47, 56, 63, 70], 0.0044472681067344345), 38051: ([18, 18], 0.0007089684509039348), 38053: ([3, 13, 63, 70, 75], 0.030864197530864196), 38064: ([13, 19, 36, 45, 51, 13, 19, 36, 45, 51], 0.0031766200762388818), 38072: ([14, 20, 28, 47, 56, 63, 70, 14, 20, 28, 47, 56, 63, 70], 0.0044472681067344345), 38073: ([33], 0.005208333333333333), 38077: ([47, 47], 0.0006353240152477764), 38084: ([17, 31, 50, 58, 63, 70, 17, 31, 50, 58, 63, 70], 0.0038119440914866584), 38091: ([101], 0.0056179775280898875), 38094: ([13, 35, 57, 13, 35, 57], 0.0019059720457433292), 38096: ([49, 49], 0.0007089684509039348), 38100: ([4, 39, 45], 0.01775147928994083), 38119: ([65, 65], 0.0007089684509039348), 38122: ([12, 21, 45, 66, 72, 79, 86, 12, 21, 45, 66, 72, 79, 86], 0.0044472681067344345), 38131: ([18, 49, 66, 70, 74, 81, 18, 49, 66, 70, 74, 81], 0.004253810705423609), 38133: ([12, 18, 44, 56, 60, 12, 18, 44, 56, 60], 0.0031766200762388818), 38136: ([12, 18, 59, 71, 75, 82, 12, 18, 59, 71, 75, 82], 0.004253810705423609), 38153: ([8, 56, 70, 8, 56, 70], 0.0019059720457433292), 38160: ([20, 20], 0.0007089684509039348), 38165: ([17, 31, 50, 59, 64, 71, 17, 31, 50, 59, 64, 71], 0.004253810705423609), 38191: ([12, 32, 52, 12, 32, 52], 0.0021269053527118043), 38194: ([5, 12, 92, 361, 5, 12, 92, 361], 0.0025412960609911056), 38203: ([17, 17], 0.0007089684509039348), 38205: ([19, 49, 19, 49], 0.0014179369018078695), 38206: ([46], 0.005050505050505051), 38210: ([10, 19, 51, 82, 93, 110, 114, 128, 135, 10, 19, 51, 82, 93, 110, 114, 128, 135], 0.006380716058135413), 38214: ([13, 34, 55, 13, 34, 55], 0.0021269053527118043), 38234: ([11, 17, 44, 56, 60, 11, 17, 44, 56, 60], 0.0031766200762388818), 38248: ([3, 12, 32, 41, 67, 3, 12, 32, 41, 67], 0.003544842254519674), 38252: ([17, 31, 50, 59, 64, 71, 17, 31, 50, 59, 64, 71], 0.004253810705423609), 38259: ([11, 17, 34, 43, 55, 59], 0.06593406593406594), 38263: ([17], 0.002785515320334262), 38268: ([36, 49, 62, 36, 49, 62], 0.0019059720457433292), 38281: ([13, 22, 38, 55, 59, 66, 73], 0.07608695652173914), 38291: ([111], 0.004878048780487805), 38294: ([1, 11, 21], 0.1), 38311: ([11, 17, 34, 43, 55, 59, 11, 17, 34, 43, 55, 59], 0.0038119440914866584), 38313: ([11, 17, 27, 36, 48, 52], 0.07142857142857142), 38314: ([26, 40, 59, 68, 73, 80], 0.05405405405405406), 38319: ([16, 31, 50, 59, 64, 71], 0.058823529411764705), 38320: ([16, 22, 30, 49, 58, 65, 72], 0.06796116504854369), 38324: ([12, 18, 28, 37, 49, 53], 0.07058823529411765), 38327: ([11, 20, 36, 53, 57, 61, 68, 11, 20, 36, 53, 57, 61, 68], 0.0044472681067344345), 38330: ([11, 20, 36, 53, 57, 61, 68, 11, 20, 36, 53, 57, 61, 68], 0.0044472681067344345), 38333: ([17, 31, 50, 58, 63, 70], 0.0594059405940594), 38337: ([9, 13, 22, 9, 13, 22], 0.0019059720457433292), 38339: ([17, 31, 50, 59, 64, 71], 0.058823529411764705), 38341: ([16, 22, 30, 49, 58, 65, 72, 16, 22, 30, 49, 58, 65, 72], 0.0044472681067344345), 38346: ([4, 35, 48, 61, 4, 35, 48, 61], 0.0025412960609911056), 38348: ([12, 18, 46, 58, 62, 69], 0.06060606060606061), 38349: ([17, 31, 50, 58, 63, 70], 0.0594059405940594), 38356: ([10, 19, 53, 70, 74, 78, 85], 0.0673076923076923), 38364: ([16, 22, 30, 49, 58, 65, 72], 0.06796116504854369), 38380: ([12, 18, 54, 66, 70, 77, 12, 18, 54, 66, 70, 77], 0.0038119440914866584), 38383: ([167], 0.004329004329004329), 38389: ([12, 42], 0.006514657980456026), 38392: ([12, 63, 75, 79, 87, 94], 0.05309734513274336), 38397: ([12], 0.015873015873015872), 38398: ([18, 34, 51, 55, 59, 66], 0.07058823529411765), 38406: ([12, 17, 40, 45, 68, 73, 12, 17, 40, 45, 68, 73], 0.0038119440914866584), 38407: ([17, 31, 50, 59, 64, 71, 17, 31, 50, 59, 64, 71], 0.0038119440914866584), 38408: ([16, 30, 49, 58, 63, 70, 16, 30, 49, 58, 63, 70], 0.0038119440914866584), 38409: ([6, 35, 61, 65, 80, 6, 35, 61, 65, 80], 0.0031766200762388818), 38412: ([34], 0.0028653295128939827), 38426: ([11, 37, 63], 0.0375), 38444: ([9, 36, 68], 0.018292682926829267), 38447: ([8, 28, 48, 8, 28, 48], 0.0019059720457433292), 38450: ([2, 68], 0.013157894736842105), 38455: ([6, 6], 0.0006353240152477764), 38463: ([10, 19, 35, 52, 56, 60, 67, 10, 19, 35, 52, 56, 60, 67], 0.0044472681067344345), 38465: ([38], 0.010752688172043012), 38482: ([12, 18, 51, 63, 67, 74], 0.057692307692307696), 38485: ([11, 17, 43, 55, 59, 11, 17, 43, 55, 59], 0.0031766200762388818), 38496: ([17], 0.004608294930875576), 38516: ([51, 89], 0.00909090909090909), 38517: ([63, 63], 0.0006353240152477764), 38522: ([72, 84, 72, 84], 0.0012706480304955528), 38523: ([7, 9, 22, 48, 54, 74, 98, 7, 9, 22, 48, 54, 74, 98], 0.0044472681067344345), 38528: ([87], 0.004310344827586207), 38530: ([11, 17, 43, 55, 59, 66], 0.06451612903225806), 38536: ([83, 88], 0.0106951871657754), 38542: ([4, 28, 33, 83], 0.029850746268656716), 38552: ([11, 17, 50, 62, 66, 73], 0.05825242718446602), 38567: ([6, 24, 42], 0.05555555555555555), 38575: ([12, 34, 56], 0.03896103896103896), 38576: ([70], 0.004694835680751174), 38584: ([6, 32, 58], 0.038461538461538464), 38585: ([49], 0.004405286343612335), 38589: ([12, 21, 37, 54, 58, 62, 69], 0.07954545454545454), 38595: ([105], 0.002785515320334262), 38612: ([33, 51], 0.017699115044247787), 38619: ([3], 0.02127659574468085), 38633: ([7], 0.022222222222222223), 38634: ([4, 16, 42, 56, 62], 0.019157088122605363), 38649: ([3, 12, 32, 41, 67], 0.03597122302158273), 38652: ([8, 24, 52], 0.020134228187919462), 38653: ([47], 0.006711409395973154), 38655: ([6, 28, 47], 0.022556390977443608)}"
yoyo,"{29007: ([0, 32, 33], 0.08823529411764706), 30250: ([4, 36, 41], 0.07142857142857142)}"
yue,"{29267: ([49, 3354], 0.0003502013657853266)}"
yuey6,"{29267: ([3380], 0.0001751006828926633)}"
yao,"{29475: ([31], 0.005847953216374269), 31284: ([5, 84], 0.012738853503184714), 29063: ([3, 6, 29, 46, 57, 59], 0.0821917808219178), 33432: ([34, 204], 0.007905138339920948), 38487: ([18, 18], 0.0006353240152477764), 38687: ([8], 0.009708737864077669)}"
yitzhak,"{29291: ([3], 0.041666666666666664), 32899: ([21], 0.013513513513513514)}"
yohei,"{29630: ([381, 390], 0.002369668246445498)}"
yssp,"{29630: ([159, 173, 198], 0.0035545023696682463)}"
yyyymmdd,"{29435: ([46, 73], 0.008130081300813009), 32595: ([46, 73], 0.008130081300813009), 36410: ([15], 0.010416666666666666)}"
yankee,"{30019: ([1, 34, 36], 0.08108108108108109)}"
yearsî,"{29727: ([23], 0.03333333333333333)}"
yener,"{29788: ([15], 0.03333333333333333)}"
yeoh,"{29776: ([184], 0.00031446540880503143)}"
yokuts,"{29997: ([0, 29, 30], 0.0967741935483871)}"
yiddish,"{30260: ([23], 0.01639344262295082), 31683: ([1712], 0.0003875968992248062), 31989: ([15], 0.02040816326530612)}"
yisroel,"{30260: ([8], 0.01639344262295082), 32013: ([27], 0.0016339869281045752)}"
yochi,"{30457: ([453], 0.0016366612111292963)}"
yusu,"{30453: ([20], 0.03125)}"
young,"{30546: ([0, 37, 40], 0.06976744186046512), 31683: ([2276], 0.0003875968992248062), 31912: ([28], 0.008264462809917356), 32293: ([30], 0.012195121951219513), 32617: ([469], 0.0008984725965858042), 33146: ([0, 30, 32], 0.08823529411764706), 33363: ([14], 0.030303030303030304), 33379: ([133], 0.00684931506849315), 33960: ([22], 0.0196078431372549), 34074: ([64], 0.009900990099009901), 34305: ([5146], 0.0001920860545524395), 35572: ([31], 0.018518518518518517), 35774: ([2, 35, 39], 0.07317073170731707), 37655: ([23], 0.022222222222222223), 37672: ([1, 34, 37], 0.07692307692307693), 37872: ([75, 75], 0.0006353240152477764), 37877: ([15, 38, 61], 0.043478260869565216), 37880: ([11, 11], 0.0007089684509039348), 38046: ([113], 0.004291845493562232), 38109: ([1, 12, 20, 1, 12, 20], 0.0021269053527118043), 38113: ([59], 0.0125), 38158: ([3, 3], 0.0007089684509039348), 38170: ([26, 26], 0.0006353240152477764), 38195: ([15, 38, 61], 0.043478260869565216), 38302: ([34], 0.004830917874396135), 38352: ([34, 132], 0.01098901098901099), 38371: ([30, 30], 0.0006353240152477764), 38372: ([9, 34, 59, 9, 34, 59], 0.0019059720457433292), 38428: ([16, 40, 64], 0.03896103896103896), 38461: ([74], 0.009523809523809525), 38488: ([145], 0.00510204081632653), 38498: ([9], 0.004878048780487805), 38583: ([24], 0.015873015873015872), 38603: ([13, 36, 47], 0.0375), 38667: ([71], 0.006535947712418301)}"
yourapikey,"{30623: ([56, 61, 162, 164], 0.023668639053254437)}"
youthrisk,"{30883: ([405, 411], 0.0029154518950437317)}"
youthrisk03,"{30883: ([412, 418], 0.0029154518950437317)}"
youtubepy,"{30623: ([129], 0.005917159763313609)}"
yahooa,"{31042: ([155], 0.0012453300124533001)}"
yaoli,"{31284: ([86], 0.006369426751592357)}"
ycrutch,"{31634: ([38], 0.007407407407407408)}"
yeats,"{31683: ([2048, 2533], 0.0007751937984496124)}"
yoda,"{31683: ([2539], 0.0003875968992248062)}"
yolobolo,"{31634: ([63], 0.007407407407407408)}"
yaakov5,"{32013: ([288], 0.0016339869281045752)}"
yakov6,"{32013: ([492], 0.0016339869281045752)}"
yehudis,"{32013: ([114, 239, 244], 0.004901960784313725)}"
yeshaya6,"{32013: ([461], 0.0016339869281045752)}"
yitzchok3,"{32013: ([28], 0.0016339869281045752)}"
yitzchok4,"{32013: ([66], 0.0016339869281045752)}"
yitzchok5,"{32013: ([259], 0.0016339869281045752)}"
yochanon,"{32013: ([501], 0.0016339869281045752)}"
yocheved5,"{32013: ([164, 195], 0.0032679738562091504)}"
yosef5,"{32013: ([161, 236, 355], 0.004901960784313725)}"
yugund,"{32013: ([306], 0.0016339869281045752)}"
yulishka5,"{32013: ([395], 0.0016339869281045752)}"
yuska4,"{32013: ([76], 0.0016339869281045752)}"
yuta,"{32013: ([285], 0.0016339869281045752)}"
y1y2,"{32300: ([191, 192], 0.0006920415224913495)}"
yadd,"{32300: ([1905, 1918], 0.0006920415224913495)}"
yueting,"{32450: ([7], 0.015873015873015872)}"
yobiko,"{32561: ([20], 0.015151515151515152)}"
yu,"{32797: ([1, 10], 0.045454545454545456), 33131: ([1320], 0.000731528895391368), 34119: ([1, 10], 0.045454545454545456), 36249: ([16], 0.03571428571428571), 36298: ([3, 5, 7, 9, 11, 13, 15, 17, 19, 21, 23, 25, 27, 29, 31, 33, 35, 37, 39, 41, 43, 45, 47, 49, 51, 53, 55, 57, 59, 61, 63, 65, 67, 69, 71, 73, 75, 77, 81, 83, 85], 0.2), 37016: ([21], 0.03125), 37915: ([23], 0.023809523809523808), 38002: ([10, 121, 10, 121], 0.0012706480304955528), 38370: ([0, 15, 37, 59], 0.058823529411764705), 38478: ([6, 6], 0.0006353240152477764), 38493: ([0, 0], 0.0006353240152477764), 38536: ([10, 118], 0.0106951871657754), 38580: ([21], 0.005263157894736842), 38607: ([140, 157], 0.007168458781362007), 38651: ([37, 41], 0.028985507246376812), 38676: ([35], 0.01), 38687: ([29], 0.009708737864077669)}"
youthspark,"{33237: ([11, 43], 0.03333333333333333)}"
yvonne,"{33220: ([49], 0.005917159763313609)}"
yaski,"{33679: ([4, 43, 48], 0.061224489795918366)}"
yenta,"{33557: ([590, 610, 612], 0.004137931034482759)}"
yindex,"{33919: ([31, 32], 0.06060606060606061)}"
yoshio,"{33826: ([16], 0.023255813953488372)}"
y,"{34302: ([91, 92, 93], 0.003926701570680628), 34339: ([12], 0.058823529411764705), 34452: ([14], 0.014705882352941176), 34593: ([94, 99, 101, 106], 0.037383177570093455), 34821: ([77], 0.00980392156862745), 35372: ([29, 33, 37], 0.06666666666666667), 35640: ([1], 0.1), 35813: ([13], 0.010526315789473684), 35852: ([121, 125, 129], 0.011904761904761904), 35905: ([5, 49, 55], 0.05357142857142857), 36280: ([28], 0.029411764705882353), 36630: ([22, 45], 0.03508771929824561), 36647: ([25], 0.030303030303030304), 36950: ([31], 0.023255813953488372), 36962: ([298, 304, 772], 0.0029615004935834156), 37241: ([341, 364, 384, 399, 698, 709], 0.006615214994487321), 37475: ([101, 103, 104, 106, 107, 109, 110], 0.024822695035460994), 37570: ([1, 23, 25], 0.11538461538461539), 37598: ([82, 88, 90, 105, 167, 196, 202, 204, 206, 208, 212, 215, 217, 219, 223, 224, 227, 231, 232, 235, 244, 536, 542, 544, 546, 548, 551, 562, 590], 0.0467741935483871), 37614: ([63], 0.012658227848101266)}"
yachting,"{34444: ([238], 0.0012121212121212121)}"
yakantakw,"{34491: ([0, 36, 37], 0.07894736842105263)}"
yates,"{34444: ([354], 0.0012121212121212121)}"
yazdanbod,"{34183: ([121, 492], 0.0012698412698412698)}"
yeh,"{34526: ([13], 0.03333333333333333)}"
yeung,"{34183: ([292, 663, 1014, 1364], 0.0025396825396825397)}"
yuval,"{34183: ([295, 666, 1017, 1367], 0.0025396825396825397)}"
yourfoldername,"{34743: ([131, 132], 0.007462686567164179)}"
yuska,"{35361: ([0, 38, 43, 48], 0.06451612903225806)}"
youtube,"{35571: ([6], 0.0047169811320754715)}"
yunan,"{35704: ([8], 0.017857142857142856), 37872: ([11, 11], 0.0006353240152477764), 37881: ([131], 0.005), 37949: ([0], 0.017241379310344827), 38035: ([4, 4], 0.0007089684509039348), 38160: ([106, 106], 0.0007089684509039348), 38247: ([2, 2], 0.0006353240152477764), 38287: ([0], 0.0025), 38301: ([20, 48, 76], 0.03571428571428571), 38344: ([2], 0.014925373134328358), 38378: ([11, 30, 49, 11, 30, 49], 0.0019059720457433292), 38458: ([0, 6, 24, 42, 0, 6, 24, 42], 0.0025412960609911056), 38478: ([20, 126, 20, 126], 0.0012706480304955528), 38496: ([103], 0.004608294930875576), 38517: ([134, 134], 0.0006353240152477764), 38525: ([0, 14, 22, 0, 14, 22], 0.0019059720457433292), 38576: ([9], 0.004694835680751174), 38581: ([14, 76], 0.0111731843575419), 38595: ([10], 0.002785515320334262)}"
yeshaya,"{36002: ([1, 6, 10], 0.23076923076923078)}"
yoelle,"{35836: ([195], 0.002066115702479339)}"
yongin,"{36108: ([21], 0.0024937655860349127)}"
yoshino,"{36108: ([104, 392], 0.004987531172069825)}"
yuanyuan,"{35836: ([277], 0.002066115702479339)}"
yyyy,"{36145: ([19, 34], 0.012269938650306749)}"
yenkekle,"{36557: ([1], 0.06666666666666667)}"
yulishka,"{36316: ([15], 0.02631578947368421)}"
yaw,"{37333: ([60], 0.014084507042253521)}"
years,"{37287: ([153], 0.006211180124223602), 37509: ([75], 0.00392156862745098), 37849: ([12, 12], 0.0007089684509039348), 37900: ([143, 143], 0.0007089684509039348), 38163: ([8, 26, 44, 8, 26, 44], 0.0019059720457433292), 38200: ([119, 119], 0.0006353240152477764), 38205: ([139, 139], 0.0007089684509039348), 38263: ([210], 0.002785515320334262), 38267: ([111], 0.0038461538461538464), 38389: ([175], 0.003257328990228013), 38427: ([300], 0.002325581395348837), 38560: ([111], 0.005952380952380952), 38595: ([229], 0.002785515320334262), 38662: ([111], 0.005813953488372093)}"
yizkor,"{37102: ([9], 0.020833333333333332)}"
yocca,"{37248: ([63], 0.01020408163265306)}"
yamamoto,"{37612: ([16], 0.024390243902439025)}"
yechiel,"{37720: ([1, 16, 21, 26], 0.13793103448275862)}"
yongkang,"{37776: ([9], 0.03125)}"
yasmin,"{38080: ([14, 14], 0.0007089684509039348), 38126: ([10, 10], 0.0006353240152477764)}"
yearround,"{37912: ([17, 42, 67, 17, 42, 67], 0.0019059720457433292), 38561: ([150], 0.0047169811320754715), 38588: ([112], 0.004901960784313725)}"
yarn,"{38419: ([49], 0.015151515151515152)}"
yet,"{38346: ([25, 25], 0.0006353240152477764)}"
yehua,"{38631: ([223], 0.003816793893129771)}"
ying,"{38631: ([216], 0.003816793893129771)}"
yuxiao,"{38599: ([0], 0.01639344262295082), 38661: ([12], 0.005780346820809248), 38687: ([54], 0.009708737864077669)}"
