zheng,"{9453: ([12], 0.017241379310344827), 9615: ([1560], 0.0005938242280285036), 13085: ([2], 0.05), 15879: ([240], 0.0027624309392265192), 18082: ([4, 36], 0.0425531914893617), 18750: ([1766], 0.00048355899419729207), 24057: ([1, 10], 0.045454545454545456), 29662: ([17], 0.037037037037037035), 29891: ([4, 36], 0.0425531914893617), 35065: ([13], 0.04), 35748: ([17], 0.02857142857142857), 36293: ([1766], 0.00048355899419729207), 37872: ([77, 77], 0.0006353240152477764), 38098: ([1, 11, 19], 0.11538461538461539), 38247: ([5, 5], 0.0006353240152477764), 38322: ([124], 0.005319148936170213), 38344: ([5], 0.014925373134328358), 38430: ([1, 17, 33, 1, 17, 33], 0.0019059720457433292), 38565: ([2], 0.005376344086021506), 38576: ([12], 0.004694835680751174), 38631: ([165], 0.003816793893129771)}"
zhe,"{9603: ([67], 0.006369426751592357), 13201: ([5], 0.058823529411764705), 37486: ([9], 0.007874015748031496)}"
zhihui,"{10025: ([7, 13], 0.10526315789473684)}"
zuozhi,"{10008: ([7, 13], 0.10526315789473684)}"
ziv,"{10296: ([25], 0.02040816326530612), 15547: ([55, 63, 144, 55, 63, 144], 0.0013510470614726414), 15903: ([4, 5, 34], 0.07317073170731707), 17720: ([16], 0.043478260869565216), 18045: ([13], 0.05), 18178: ([19], 0.038461538461538464), 19426: ([16], 0.043478260869565216), 19865: ([6], 0.07692307692307693), 20123: ([6], 0.07692307692307693), 20319: ([8], 0.06666666666666667), 21205: ([55, 63, 144], 0.016304347826086956), 21433: ([13], 0.05), 21486: ([16], 0.043478260869565216), 21731: ([24], 0.03225806451612903), 22990: ([17], 0.041666666666666664), 23359: ([55, 63, 144], 0.016304347826086956), 23998: ([11, 12, 27], 0.07317073170731707), 24639: ([17], 0.041666666666666664), 24763: ([6, 7], 0.09523809523809523), 28542: ([16], 0.043478260869565216), 28859: ([24], 0.03225806451612903), 29944: ([9, 71], 0.022988505747126436), 30833: ([7], 0.07142857142857142), 31401: ([4], 0.017857142857142856), 31742: ([6, 7], 0.09523809523809523), 32170: ([10], 0.058823529411764705), 33558: ([1, 12], 0.043478260869565216), 34179: ([16], 0.043478260869565216), 34496: ([10], 0.058823529411764705), 34912: ([7], 0.07142857142857142), 35177: ([17], 0.041666666666666664), 35680: ([1, 24, 26], 0.1111111111111111), 35809: ([10], 0.058823529411764705), 35837: ([9], 0.0625), 37264: ([13], 0.05), 37270: ([12, 15, 31], 0.06666666666666667), 37872: ([79, 79], 0.0006353240152477764), 37975: ([1, 2, 15, 28, 1, 2, 15, 28], 0.0025412960609911056), 37987: ([1, 22], 0.008928571428571428), 38096: ([1, 37, 1, 37], 0.0014179369018078695), 38161: ([1, 17, 25, 1, 17, 25], 0.0021269053527118043), 38269: ([1, 17, 40, 63, 1, 17, 40, 63], 0.0025412960609911056), 38519: ([7, 48, 7, 48], 0.0012706480304955528), 38585: ([1, 37], 0.00881057268722467)}"
zscore,"{10277: ([15, 17, 70], 0.03571428571428571)}"
zeetv,"{10858: ([8], 0.02702702702702703), 11492: ([23], 0.024390243902439025), 11680: ([0, 12, 16], 0.15), 12187: ([20], 0.02631578947368421)}"
ziddio,"{11775: ([24], 0.013333333333333334)}"
z,"{12656: ([19], 0.010526315789473684), 13010: ([318, 689], 0.001876172607879925), 14548: ([29], 0.03333333333333333), 15101: ([47, 53, 63, 69], 0.05405405405405406), 15171: ([8], 0.0030303030303030303), 15493: ([18], 0.05263157894736842), 15807: ([32], 0.005154639175257732), 17014: ([141, 154], 0.005934718100890208), 17172: ([223], 0.00423728813559322), 17594: ([38, 40], 0.009259259259259259), 18007: ([300, 306], 0.00196078431372549), 18229: ([20], 0.02127659574468085), 18319: ([636], 0.0009587727708533077), 18435: ([35], 0.005494505494505495), 18695: ([96], 0.008547008547008548), 19222: ([88], 0.010638297872340425), 19634: ([138], 0.004878048780487805), 19968: ([122, 126, 130], 0.012048192771084338), 20041: ([2235], 0.00022815423226100844), 20049: ([3, 86], 0.011428571428571429), 20058: ([682], 0.0013422818791946308), 20327: ([41], 0.012987012987012988), 21539: ([1, 32, 34], 0.08571428571428572), 21568: ([137, 142, 150, 152, 157, 158], 0.03468208092485549), 22062: ([52], 0.004081632653061225), 22190: ([157], 0.005917159763313609), 22313: ([24], 0.02702702702702703), 22366: ([170], 0.004484304932735426), 22469: ([59], 0.01639344262295082), 22484: ([13, 16], 0.009615384615384616), 22559: ([29, 37, 42], 0.05084745762711865), 22584: ([19], 0.029411764705882353), 22732: ([18], 0.05263157894736842), 22870: ([2163, 2166], 0.0008536064874093043), 23103: ([16], 0.01639344262295082), 24160: ([50, 51, 52, 54, 56, 58, 60, 63], 0.0311284046692607), 24228: ([49, 51, 53], 0.046153846153846156), 24312: ([412, 415, 419, 422, 426, 432, 435, 448, 453, 459, 464, 470, 496, 501, 519, 522, 541, 544, 561, 564, 572, 575, 576, 634, 639, 645, 650, 656, 676, 681, 699, 702, 721, 724, 741, 744], 0.017183770883054894), 24692: ([44], 0.0049504950495049506), 24750: ([1826, 1832], 0.0008077544426494346), 24963: ([9, 24, 29], 0.04285714285714286), 25114: ([549, 553, 1347, 1549, 1560, 1563, 1608, 1636], 0.004610951008645533), 25152: ([629, 629], 0.0004440497335701599), 25323: ([91, 94, 97], 0.020833333333333332), 26356: ([41, 43, 46, 51, 66, 71], 0.026785714285714284), 26399: ([802, 805, 809, 812, 816, 822, 825, 835, 838, 842, 845, 849, 875, 880, 897, 900, 918, 921, 937, 940, 948, 951, 957, 1022, 1025, 1029, 1032, 1036, 1052, 1059, 1076, 1079, 1097, 1100, 1116, 1119], 0.014634146341463415), 26537: ([14, 16, 18, 20, 22, 24, 26, 28, 30, 32, 34, 36, 38, 40, 42], 0.15789473684210525), 26602: ([912], 0.0010741138560687433), 27188: ([168], 0.005376344086021506), 27876: ([25, 33, 34, 37, 55, 88, 92, 151, 154, 160], 0.06172839506172839), 29063: ([44, 44], 0.00038948393378773126), 29636: ([11, 39, 43, 49, 56, 71, 195, 203, 242, 268, 292, 328], 0.03418803418803419), 29776: ([1729], 0.00031446540880503143), 30123: ([138, 161], 0.011904761904761904), 31639: ([54, 56, 58, 61, 67, 69, 72, 79, 80, 84, 89, 90, 92, 94, 95, 96, 97, 98, 99, 100, 102, 103, 104, 105, 106], 0.22727272727272727), 31683: ([53], 0.0003875968992248062), 31852: ([89], 0.010869565217391304), 31887: ([0, 1, 4, 6, 7, 8], 0.1276595744680851), 32004: ([6], 0.038461538461538464), 32147: ([114, 118, 128, 538], 0.0067226890756302525), 32300: ([1884, 1913, 1916, 1919, 2628, 2631], 0.0020761245674740486), 32592: ([47], 0.015384615384615385), 32661: ([177], 0.0056179775280898875), 34031: ([52], 0.004166666666666667), 34144: ([125, 128, 138], 0.005042016806722689), 34531: ([8], 0.004366812227074236), 34593: ([104], 0.009345794392523364), 35372: ([32], 0.022222222222222223), 35696: ([104, 128], 0.013888888888888888), 35813: ([14], 0.010526315789473684), 35852: ([122, 126, 130], 0.011904761904761904), 36298: ([4, 6, 8, 10, 12, 14, 16, 18, 20, 22, 24, 26, 28, 30, 32, 34, 36, 38, 40, 42, 44, 46, 48, 50, 52, 54, 56, 58, 60, 62, 64, 66, 68, 70, 72, 74, 76, 78, 82, 84, 86], 0.2), 36962: ([300, 306], 0.0019743336623889436), 36966: ([12, 26], 0.06896551724137931), 37204: ([38, 40], 0.009259259259259259), 37598: ([537, 549, 552, 591], 0.0064516129032258064)}"
zap,"{12886: ([77], 0.00819672131147541), 14523: ([24], 0.02631578947368421), 14712: ([25], 0.022222222222222223), 15740: ([22], 0.02631578947368421), 16884: ([24], 0.02702702702702703), 16952: ([23], 0.02702702702702703), 17343: ([24], 0.023809523809523808), 18408: ([23], 0.02857142857142857), 18473: ([29], 0.018867924528301886), 18785: ([25], 0.02564102564102564), 18804: ([25], 0.024390243902439025), 18990: ([24], 0.027777777777777776), 19258: ([23], 0.023255813953488372), 19264: ([23], 0.02857142857142857), 19883: ([25], 0.023255813953488372), 19962: ([30], 0.021739130434782608), 20390: ([23], 0.02631578947368421), 21035: ([24], 0.025), 21060: ([24], 0.025), 21109: ([26], 0.02040816326530612), 21278: ([23], 0.02857142857142857), 21585: ([23], 0.02631578947368421), 21716: ([24], 0.025), 22510: ([22], 0.03125), 22610: ([23], 0.029411764705882353), 22945: ([24], 0.025), 23329: ([24], 0.02702702702702703), 23367: ([24], 0.025), 23888: ([22], 0.027777777777777776), 23914: ([25], 0.02127659574468085), 24423: ([22], 0.02631578947368421), 24640: ([24], 0.023809523809523808), 25144: ([22], 0.023255813953488372), 26139: ([25], 0.023255813953488372), 26172: ([29], 0.018518518518518517), 26919: ([24], 0.022727272727272728), 27288: ([23], 0.022727272727272728), 27513: ([25], 0.023255813953488372), 27756: ([25], 0.023809523809523808), 28435: ([22], 0.03571428571428571), 28941: ([24], 0.022727272727272728), 29135: ([24], 0.023255813953488372), 29682: ([25], 0.02857142857142857), 29796: ([23], 0.02702702702702703), 29991: ([26], 0.02631578947368421), 30194: ([25], 0.025), 30227: ([24], 0.02564102564102564), 30398: ([27], 0.02702702702702703), 30677: ([22], 0.023809523809523808), 30842: ([22], 0.030303030303030304), 30873: ([25], 0.023809523809523808), 31111: ([22], 0.02857142857142857), 31113: ([26], 0.02631578947368421), 31162: ([22], 0.027777777777777776), 31308: ([27], 0.02127659574468085), 31736: ([27], 0.020833333333333332), 32134: ([23], 0.023255813953488372), 32397: ([22], 0.02631578947368421), 32467: ([22], 0.027777777777777776), 32996: ([25], 0.03125), 33458: ([21], 0.03225806451612903), 33933: ([26], 0.02631578947368421), 33978: ([24], 0.02564102564102564), 34324: ([23], 0.025), 34419: ([25], 0.024390243902439025), 34837: ([24], 0.02702702702702703), 35050: ([27], 0.02040816326530612), 35095: ([23], 0.02857142857142857), 35433: ([24], 0.025), 35791: ([25], 0.029411764705882353), 36193: ([26], 0.022222222222222223), 36260: ([24], 0.02564102564102564), 37086: ([22], 0.02857142857142857), 37347: ([22], 0.027777777777777776), 37494: ([23], 0.023255813953488372), 37605: ([24], 0.022222222222222223)}"
zdnet,"{12968: ([115], 0.0037313432835820895), 33789: ([47, 53], 0.03508771929824561)}"
zeichen,"{12691: ([4189], 9.857072449482504e-05)}"
zhvillim,"{12691: ([2171], 9.857072449482504e-05)}"
zsh,"{13002: ([77], 0.007462686567164179)}"
zynga,"{12691: ([4250], 9.857072449482504e-05)}"
zebo,"{13010: ([146, 517], 0.001876172607879925)}"
zhaohao,"{13221: ([5], 0.058823529411764705)}"
zhou,"{13221: ([6], 0.058823529411764705), 28276: ([106], 0.004329004329004329), 35836: ([278], 0.002066115702479339), 38687: ([1, 53], 0.019417475728155338)}"
zillow,"{13346: ([22], 0.01639344262295082), 13347: ([43], 0.013888888888888888), 13348: ([17], 0.021739130434782608), 13349: ([17], 0.021739130434782608), 13350: ([24, 47], 0.02702702702702703), 13351: ([16], 0.023255813953488372), 13352: ([23], 0.017241379310344827), 13353: ([22], 0.01818181818181818), 13354: ([21], 0.017241379310344827), 13355: ([19], 0.019230769230769232), 13356: ([17], 0.023809523809523808), 13357: ([14], 0.02702702702702703), 13358: ([13], 0.025), 13359: ([19], 0.02), 13360: ([22, 22], 0.0020512820512820513), 13361: ([55, 55], 0.0020512820512820513), 13362: ([17], 0.023809523809523808), 13363: ([21, 21], 0.0020512820512820513), 13364: ([20, 20], 0.0020512820512820513), 13365: ([20], 0.02040816326530612), 13366: ([16], 0.02564102564102564), 13367: ([17], 0.023809523809523808), 13368: ([22], 0.017543859649122806), 13369: ([19, 19], 0.0020512820512820513), 13370: ([20], 0.02040816326530612), 13371: ([52], 0.012658227848101266), 13372: ([18, 18], 0.0020512820512820513), 13373: ([25], 0.02), 13374: ([10], 0.03225806451612903), 13375: ([16], 0.024390243902439025), 13376: ([19], 0.019230769230769232), 13377: ([16], 0.02564102564102564), 13378: ([24], 0.01639344262295082), 13379: ([18], 0.02127659574468085), 13380: ([17], 0.021739130434782608), 13381: ([15], 0.025), 13382: ([51], 0.0125), 13383: ([20], 0.0196078431372549), 13384: ([16], 0.02564102564102564), 13385: ([23], 0.015625), 13386: ([23], 0.017241379310344827), 13387: ([16, 16], 0.0020512820512820513), 13388: ([25, 25], 0.0020512820512820513), 13389: ([11], 0.029411764705882353), 13390: ([19, 19], 0.0007283321194464676), 13391: ([17], 0.022727272727272728), 13392: ([61, 61], 0.0020512820512820513), 13393: ([17], 0.021739130434782608), 13394: ([56, 56], 0.0020512820512820513), 13395: ([10], 0.03225806451612903), 13396: ([19], 0.019230769230769232), 13397: ([25], 0.02), 13398: ([16, 16], 0.0020512820512820513), 13399: ([16], 0.02127659574468085), 13400: ([24, 24], 0.0020512820512820513), 13401: ([15], 0.02631578947368421), 13402: ([19], 0.019230769230769232), 13403: ([19, 19], 0.0007283321194464676), 13404: ([10], 0.03225806451612903), 13405: ([18], 0.023255813953488372), 13406: ([16], 0.023255813953488372), 13407: ([19], 0.019230769230769232), 13408: ([15, 15], 0.0020512820512820513), 13409: ([16], 0.02127659574468085), 13410: ([17, 17], 0.0020512820512820513), 13411: ([45], 0.013513513513513514), 13412: ([27], 0.014285714285714285), 13413: ([20], 0.0196078431372549), 13414: ([47], 0.01282051282051282), 13415: ([17], 0.022727272727272728), 13416: ([19], 0.019230769230769232), 13417: ([17], 0.021739130434782608), 13418: ([60], 0.011494252873563218), 13419: ([74], 0.009900990099009901), 13420: ([15], 0.025), 13421: ([92, 92], 0.0020512820512820513), 13422: ([23, 23], 0.0020512820512820513), 13423: ([12], 0.02702702702702703), 13424: ([15], 0.025), 13425: ([18], 0.02127659574468085), 13426: ([10, 10], 0.0020512820512820513), 13427: ([14, 14], 0.0020512820512820513), 13428: ([18, 18], 0.0007283321194464676), 13429: ([32, 32], 0.0020512820512820513), 13430: ([19], 0.019230769230769232), 13431: ([17], 0.022727272727272728), 13432: ([16], 0.023255813953488372), 13433: ([19], 0.019230769230769232), 13434: ([16], 0.023255813953488372), 13435: ([18], 0.023255813953488372), 13436: ([53], 0.012195121951219513), 13437: ([20, 20], 0.0020512820512820513), 13438: ([26], 0.014925373134328358), 13439: ([17], 0.023809523809523808), 13440: ([18], 0.02040816326530612), 13441: ([21], 0.017241379310344827), 13442: ([15, 15], 0.0020512820512820513), 13443: ([22], 0.01818181818181818), 13444: ([19], 0.021739130434782608), 13445: ([10], 0.03225806451612903), 13446: ([22, 22], 0.0020512820512820513), 13447: ([15], 0.02631578947368421), 13448: ([16], 0.024390243902439025), 13449: ([15], 0.02631578947368421), 13450: ([16, 16], 0.0020512820512820513), 13451: ([25], 0.02), 13452: ([17], 0.021739130434782608), 13453: ([16, 16], 0.0020512820512820513), 13454: ([61], 0.01282051282051282), 13455: ([20], 0.01818181818181818), 13456: ([20], 0.02040816326530612), 13457: ([20, 20], 0.0020512820512820513), 13458: ([20], 0.01818181818181818), 13459: ([18], 0.023255813953488372), 13460: ([18], 0.02127659574468085), 13461: ([16], 0.023255813953488372), 13462: ([10, 10], 0.0007283321194464676), 13463: ([15], 0.027777777777777776), 13464: ([73, 73], 0.0020512820512820513), 13465: ([16], 0.024390243902439025), 13466: ([25], 0.018518518518518517), 13467: ([17], 0.021739130434782608), 13468: ([18], 0.023255813953488372), 13469: ([20], 0.02040816326530612), 13470: ([20], 0.01818181818181818), 13471: ([20, 20], 0.0020512820512820513), 13472: ([10], 0.03225806451612903), 13473: ([20], 0.01818181818181818), 13474: ([18], 0.023255813953488372), 13475: ([12, 12], 0.0020512820512820513), 13476: ([19], 0.019230769230769232), 13477: ([20, 20], 0.0020512820512820513), 13478: ([86], 0.008849557522123894), 13479: ([15, 15], 0.0020512820512820513), 13480: ([19], 0.021739130434782608), 13481: ([10], 0.024390243902439025), 13482: ([19], 0.019230769230769232), 13483: ([21], 0.017241379310344827), 13484: ([17], 0.025), 13485: ([15], 0.025), 13486: ([18], 0.023255813953488372), 13487: ([13], 0.025), 13488: ([22, 22], 0.0020512820512820513), 13489: ([18], 0.022222222222222223), 13490: ([20, 20], 0.0020512820512820513), 13491: ([13], 0.025), 13492: ([17, 17], 0.0020512820512820513), 13493: ([20], 0.02040816326530612), 13494: ([14], 0.02702702702702703), 13495: ([25], 0.02), 13496: ([21], 0.021739130434782608), 13497: ([17], 0.021739130434782608), 13498: ([19], 0.019230769230769232), 13499: ([25], 0.016129032258064516), 13500: ([18], 0.022222222222222223), 13501: ([17], 0.022727272727272728), 13502: ([18, 18], 0.0020512820512820513), 13503: ([10], 0.024390243902439025), 13504: ([20], 0.01818181818181818), 13505: ([20, 20], 0.0007283321194464676), 13506: ([16], 0.02564102564102564), 13507: ([20], 0.01818181818181818), 13508: ([16], 0.02040816326530612), 13509: ([19], 0.019230769230769232), 13510: ([21], 0.017241379310344827), 13511: ([63, 63], 0.0007283321194464676), 13512: ([17], 0.021739130434782608), 13513: ([10], 0.03225806451612903), 13514: ([25], 0.016129032258064516), 13515: ([17], 0.022727272727272728), 13516: ([17], 0.023809523809523808), 13517: ([14], 0.023255813953488372), 13518: ([17], 0.023809523809523808), 13519: ([20], 0.01818181818181818), 13520: ([17], 0.022727272727272728), 13521: ([17], 0.022727272727272728), 13522: ([20], 0.02040816326530612), 13523: ([296], 0.0030959752321981426), 13524: ([25], 0.014285714285714285), 13525: ([57], 0.0125), 13526: ([16], 0.02127659574468085), 13527: ([15], 0.02631578947368421), 13528: ([18], 0.02040816326530612), 13529: ([19], 0.021739130434782608), 13530: ([10], 0.03225806451612903), 13531: ([19], 0.019230769230769232), 13532: ([16], 0.024390243902439025), 13533: ([17], 0.021739130434782608), 13534: ([10], 0.024390243902439025), 13535: ([20], 0.01818181818181818), 13536: ([21], 0.017241379310344827), 13537: ([18], 0.023255813953488372), 13538: ([8], 0.03225806451612903), 13539: ([57], 0.0125), 13540: ([15], 0.025), 13541: ([14], 0.024390243902439025), 13542: ([17], 0.021739130434782608), 13543: ([21], 0.019230769230769232), 13544: ([18], 0.022222222222222223), 13545: ([17], 0.022727272727272728), 13546: ([18], 0.02040816326530612), 13547: ([18], 0.02040816326530612), 13548: ([39], 0.016129032258064516), 13549: ([19], 0.020833333333333332), 13550: ([22], 0.01639344262295082), 13551: ([10], 0.03225806451612903), 13552: ([32], 0.018867924528301886), 13553: ([17], 0.021739130434782608), 13554: ([19], 0.019230769230769232), 13555: ([74], 0.009900990099009901), 13556: ([15], 0.025), 13557: ([15], 0.027777777777777776), 13558: ([22], 0.01818181818181818), 13559: ([18], 0.02040816326530612), 13560: ([22], 0.02127659574468085), 13561: ([10], 0.03225806451612903), 13562: ([21], 0.019230769230769232), 13563: ([15], 0.025), 13564: ([19], 0.021739130434782608), 13565: ([17, 17], 0.0007283321194464676), 13566: ([14], 0.02702702702702703), 13567: ([20], 0.018867924528301886), 13568: ([17, 17], 0.0007283321194464676), 13569: ([27], 0.014285714285714285), 13570: ([20], 0.02040816326530612), 13571: ([88], 0.008695652173913044), 13572: ([20], 0.01818181818181818), 13573: ([15], 0.025), 13574: ([21], 0.017241379310344827), 13575: ([20], 0.02127659574468085), 13576: ([15], 0.027777777777777776), 13577: ([22], 0.01818181818181818), 13578: ([21], 0.017241379310344827), 13579: ([15], 0.02631578947368421), 13580: ([67], 0.010638297872340425), 13581: ([21], 0.019230769230769232), 13582: ([16], 0.023255813953488372), 13583: ([10], 0.02857142857142857), 13584: ([11], 0.029411764705882353), 13585: ([41], 0.014705882352941176), 13586: ([21], 0.019230769230769232), 13587: ([17], 0.022727272727272728), 13588: ([25], 0.02), 13589: ([25], 0.015625), 13590: ([20], 0.01818181818181818), 13591: ([12], 0.02857142857142857), 13592: ([17], 0.022727272727272728), 13593: ([20], 0.02040816326530612), 13594: ([16], 0.023255813953488372), 13595: ([8], 0.03225806451612903), 13596: ([21], 0.019230769230769232), 13597: ([18], 0.023255813953488372), 13598: ([19], 0.019230769230769232), 13599: ([129], 0.006578947368421052), 13600: ([20, 20], 0.0007283321194464676), 13601: ([24], 0.01639344262295082), 13602: ([23], 0.015625), 13603: ([19], 0.021739130434782608), 13604: ([18], 0.02127659574468085), 13605: ([17], 0.021739130434782608), 13606: ([10], 0.03225806451612903), 13607: ([19], 0.021739130434782608), 13608: ([61], 0.01282051282051282), 13609: ([18], 0.02127659574468085), 13610: ([15], 0.025), 13611: ([10], 0.02857142857142857), 13612: ([61], 0.011363636363636364), 13613: ([19], 0.019230769230769232), 13614: ([17], 0.023809523809523808), 13615: ([31], 0.016666666666666666), 13616: ([44], 0.014084507042253521), 13617: ([19], 0.019230769230769232), 13618: ([13], 0.025), 13619: ([18], 0.023255813953488372), 13620: ([18], 0.023255813953488372), 13621: ([15], 0.025), 13622: ([16], 0.02564102564102564), 13623: ([17], 0.022727272727272728), 13624: ([18], 0.023255813953488372), 13625: ([10], 0.02857142857142857), 13626: ([21], 0.017241379310344827), 13627: ([16, 16], 0.0007283321194464676), 13628: ([19], 0.019230769230769232), 13629: ([15], 0.025), 13630: ([14], 0.02702702702702703), 13631: ([10], 0.02857142857142857), 13632: ([20], 0.01818181818181818), 13633: ([12], 0.02702702702702703), 13634: ([10], 0.02857142857142857), 13635: ([18], 0.023255813953488372), 13636: ([16], 0.024390243902439025), 13637: ([14, 14], 0.0007283321194464676), 13638: ([20], 0.01818181818181818), 13639: ([18], 0.023255813953488372), 13640: ([16], 0.023255813953488372), 13641: ([296], 0.0030959752321981426), 13642: ([10], 0.03225806451612903), 13643: ([296], 0.0030959752321981426), 13644: ([15], 0.025), 13645: ([23], 0.016129032258064516), 13646: ([10, 10], 0.0007283321194464676), 13647: ([28], 0.0136986301369863), 13648: ([20], 0.01818181818181818), 13649: ([17], 0.023809523809523808), 13650: ([20], 0.018867924528301886), 13651: ([20, 20], 0.0007283321194464676), 13652: ([16], 0.023255813953488372), 13653: ([10], 0.03225806451612903), 13654: ([19], 0.019230769230769232), 13655: ([17], 0.021739130434782608), 13656: ([16], 0.02564102564102564), 13657: ([24, 24], 0.0007283321194464676), 13658: ([18], 0.02040816326530612), 13659: ([18], 0.02127659574468085), 13660: ([15], 0.025), 13661: ([21], 0.017857142857142856), 13662: ([15], 0.02631578947368421), 13663: ([53], 0.0125), 13664: ([16], 0.023255813953488372), 13665: ([22], 0.01639344262295082), 13666: ([15], 0.025), 13667: ([16], 0.023255813953488372), 13668: ([20], 0.01818181818181818), 13669: ([18], 0.02127659574468085), 13670: ([20], 0.02040816326530612), 13671: ([23], 0.015625), 13672: ([19], 0.021739130434782608), 13673: ([88], 0.009174311926605505), 13674: ([19], 0.023809523809523808), 13675: ([20], 0.01818181818181818), 13676: ([19], 0.019230769230769232), 13677: ([13], 0.025), 13678: ([20], 0.02040816326530612), 13679: ([18], 0.02040816326530612), 13680: ([19], 0.019230769230769232), 13681: ([18], 0.02127659574468085), 13682: ([20], 0.02040816326530612), 13683: ([20], 0.01818181818181818), 13684: ([19, 19], 0.0007283321194464676), 13685: ([15], 0.025), 13686: ([12], 0.02702702702702703), 13687: ([24], 0.018867924528301886), 13688: ([22], 0.02127659574468085), 13689: ([15], 0.025), 13690: ([36], 0.015873015873015872), 13691: ([19], 0.019230769230769232), 13692: ([19], 0.019230769230769232), 13693: ([10], 0.03225806451612903), 13694: ([16], 0.02564102564102564), 13695: ([16], 0.02564102564102564), 13696: ([17], 0.022727272727272728), 13697: ([10], 0.02857142857142857), 13698: ([10], 0.024390243902439025), 13699: ([15], 0.02631578947368421), 13700: ([88], 0.008695652173913044), 13701: ([12], 0.02702702702702703), 13702: ([16], 0.02127659574468085), 13703: ([19], 0.019230769230769232), 13704: ([16], 0.024390243902439025), 13705: ([19], 0.019230769230769232), 13706: ([18], 0.022222222222222223), 13707: ([19], 0.019230769230769232), 13708: ([15], 0.025), 13709: ([15], 0.025), 13710: ([20], 0.01818181818181818), 13711: ([20], 0.02040816326530612), 13712: ([29, 29], 0.0007283321194464676), 13713: ([22], 0.02127659574468085), 13714: ([18], 0.023255813953488372), 13715: ([19], 0.019230769230769232), 13716: ([25], 0.016129032258064516), 13717: ([10], 0.02040816326530612), 13718: ([19], 0.021739130434782608), 13719: ([17], 0.023809523809523808), 13720: ([17], 0.021739130434782608), 13721: ([18], 0.023255813953488372), 13722: ([19, 19], 0.0007283321194464676), 13723: ([18], 0.02127659574468085), 13724: ([19], 0.025), 13725: ([14], 0.023255813953488372), 13726: ([10], 0.02857142857142857), 13727: ([19], 0.020833333333333332), 13728: ([16], 0.02040816326530612), 13729: ([23], 0.017241379310344827), 13730: ([20], 0.02040816326530612), 13731: ([17], 0.022727272727272728), 13732: ([15], 0.02631578947368421), 13733: ([19], 0.019230769230769232), 13734: ([10], 0.03225806451612903), 13735: ([20], 0.01818181818181818), 13736: ([17], 0.021739130434782608), 13737: ([15], 0.025), 13738: ([22], 0.01639344262295082), 13739: ([17], 0.021739130434782608), 13740: ([15], 0.025), 13741: ([16], 0.023255813953488372), 13742: ([15], 0.025), 13743: ([18], 0.02040816326530612), 13744: ([19], 0.019230769230769232), 13745: ([10], 0.02857142857142857), 13746: ([16], 0.02564102564102564), 13747: ([16], 0.02564102564102564), 13748: ([19], 0.02), 13749: ([15], 0.02631578947368421), 13750: ([22], 0.01818181818181818), 13751: ([20], 0.02040816326530612), 13752: ([17], 0.021739130434782608), 13753: ([22], 0.01639344262295082), 13754: ([21], 0.022222222222222223), 13755: ([17], 0.02631578947368421), 13756: ([16], 0.02127659574468085), 13757: ([19], 0.020833333333333332), 13758: ([19], 0.019230769230769232), 13759: ([16], 0.024390243902439025), 13760: ([16], 0.023255813953488372), 13761: ([15], 0.02631578947368421), 13762: ([21], 0.018518518518518517), 13763: ([60], 0.011494252873563218), 13764: ([19], 0.020833333333333332), 13765: ([21], 0.017241379310344827), 13766: ([21], 0.019230769230769232), 13767: ([25], 0.016129032258064516), 13768: ([19], 0.021739130434782608), 13769: ([20], 0.01818181818181818), 13770: ([19], 0.019230769230769232), 13771: ([10], 0.03225806451612903), 13772: ([15], 0.025), 13773: ([19, 19], 0.0007283321194464676), 13774: ([16], 0.023255813953488372), 13775: ([78], 0.009523809523809525), 13776: ([17], 0.022727272727272728), 13777: ([52], 0.0136986301369863), 13778: ([14], 0.02702702702702703), 13779: ([73], 0.010416666666666666), 13780: ([18], 0.02040816326530612), 13781: ([16], 0.023255813953488372), 13782: ([20], 0.0196078431372549), 13783: ([20], 0.01818181818181818), 13784: ([20], 0.02040816326530612), 13785: ([22], 0.01639344262295082), 13786: ([19, 19], 0.0007283321194464676), 13787: ([24, 47], 0.02702702702702703), 13788: ([24], 0.0196078431372549), 13789: ([19], 0.019230769230769232), 13790: ([10], 0.03225806451612903), 13791: ([17], 0.021739130434782608), 13792: ([18], 0.023255813953488372), 13793: ([21], 0.018518518518518517), 13794: ([16], 0.023255813953488372), 13795: ([19], 0.019230769230769232), 13796: ([0, 17, 22, 32], 0.09523809523809523), 13797: ([17], 0.022727272727272728), 13798: ([76], 0.009708737864077669), 13799: ([88, 88], 0.0007283321194464676), 13800: ([19], 0.019230769230769232), 13801: ([17], 0.021739130434782608), 13802: ([18], 0.022222222222222223), 13803: ([22], 0.017543859649122806), 13804: ([18], 0.022222222222222223), 13805: ([26], 0.02040816326530612), 13806: ([15], 0.025), 13807: ([55], 0.011904761904761904), 13808: ([18], 0.02127659574468085), 13809: ([14, 14], 0.0007283321194464676), 13810: ([16], 0.02564102564102564), 13811: ([10], 0.03225806451612903), 13812: ([20], 0.02040816326530612), 13813: ([18], 0.022222222222222223), 13814: ([15], 0.025), 13815: ([35], 0.015625), 13816: ([24], 0.018867924528301886), 13817: ([23], 0.015625), 13818: ([16], 0.02702702702702703), 13819: ([19], 0.019230769230769232), 13820: ([16], 0.023255813953488372), 13821: ([30], 0.01639344262295082), 13822: ([22], 0.01639344262295082), 13823: ([21], 0.022222222222222223), 13824: ([19], 0.020833333333333332), 13825: ([17], 0.021739130434782608), 13826: ([14], 0.02702702702702703), 13827: ([19], 0.019230769230769232), 13828: ([18], 0.022222222222222223), 13829: ([19], 0.020833333333333332), 13830: ([18], 0.022222222222222223), 13831: ([73, 73], 0.0007283321194464676), 13832: ([20], 0.01818181818181818), 13833: ([15], 0.025), 13834: ([296], 0.0030959752321981426), 13835: ([21], 0.019230769230769232), 13836: ([20], 0.01818181818181818), 13837: ([26], 0.0136986301369863), 13838: ([10], 0.03225806451612903), 13839: ([16], 0.023255813953488372), 13840: ([19], 0.019230769230769232), 13841: ([95], 0.00819672131147541), 13842: ([15, 15], 0.0007283321194464676), 13843: ([91], 0.00847457627118644), 13844: ([17], 0.021739130434782608), 13845: ([21], 0.018518518518518517), 13846: ([17], 0.021739130434782608), 13847: ([17], 0.021739130434782608), 13848: ([17], 0.022727272727272728), 13849: ([21], 0.017241379310344827), 13850: ([17], 0.021739130434782608), 13851: ([17], 0.021739130434782608), 13852: ([24], 0.018867924528301886), 13853: ([18], 0.02127659574468085), 13854: ([22], 0.01639344262295082), 13855: ([21], 0.017241379310344827), 13856: ([20], 0.02040816326530612), 13857: ([16], 0.023255813953488372), 13858: ([20, 20], 0.0007283321194464676), 13859: ([15], 0.02631578947368421), 13860: ([15], 0.02631578947368421), 13861: ([25], 0.015625), 13862: ([19], 0.022727272727272728), 13863: ([10], 0.02857142857142857), 13864: ([91], 0.00847457627118644), 13865: ([14], 0.02702702702702703), 13866: ([59], 0.011363636363636364), 13867: ([21], 0.017241379310344827), 13868: ([19], 0.019230769230769232), 13869: ([25], 0.016129032258064516), 13870: ([98], 0.008264462809917356), 13871: ([14], 0.02702702702702703), 13872: ([16], 0.023255813953488372), 13873: ([23], 0.017241379310344827), 13874: ([21], 0.021739130434782608), 13875: ([19, 19], 0.0007283321194464676), 13876: ([19], 0.019230769230769232), 13877: ([22], 0.02127659574468085), 13878: ([16], 0.024390243902439025), 13879: ([22, 22], 0.0007283321194464676), 13880: ([10], 0.03225806451612903), 13881: ([17], 0.025), 13882: ([26], 0.01818181818181818), 13883: ([17], 0.021739130434782608), 13884: ([24, 24], 0.0007283321194464676), 13885: ([10], 0.03225806451612903), 13886: ([18], 0.023255813953488372), 13887: ([20], 0.0196078431372549), 13888: ([57], 0.011904761904761904), 13889: ([21], 0.022222222222222223), 13890: ([10], 0.03225806451612903), 13891: ([10], 0.03225806451612903), 13892: ([21], 0.021739130434782608), 13893: ([26], 0.014925373134328358), 13894: ([296], 0.0030959752321981426), 13895: ([19], 0.021739130434782608), 13896: ([10], 0.03225806451612903), 13897: ([16], 0.023255813953488372), 13898: ([59], 0.011627906976744186), 13899: ([10], 0.02857142857142857), 13900: ([18, 18], 0.0007283321194464676), 13901: ([10], 0.03225806451612903), 13902: ([19], 0.019230769230769232), 13903: ([20], 0.01818181818181818), 13904: ([15], 0.025), 13905: ([20], 0.01818181818181818), 13906: ([20], 0.01818181818181818), 13907: ([19], 0.020833333333333332), 13908: ([19], 0.021739130434782608), 13909: ([16, 16], 0.0007283321194464676), 13910: ([17], 0.022727272727272728), 13911: ([18], 0.02127659574468085), 13912: ([33, 33], 0.0007283321194464676), 13913: ([15, 15], 0.0007283321194464676), 13914: ([19], 0.019230769230769232), 13915: ([10], 0.037037037037037035), 13916: ([18, 18], 0.0007283321194464676), 13917: ([19], 0.021739130434782608), 13918: ([14], 0.02702702702702703), 13919: ([27], 0.014285714285714285), 13920: ([19], 0.021739130434782608), 13921: ([21], 0.019230769230769232), 13922: ([17], 0.022727272727272728), 13923: ([14], 0.023255813953488372), 13924: ([23], 0.015625), 13925: ([17], 0.023809523809523808), 13926: ([20], 0.01818181818181818), 13927: ([24], 0.0196078431372549), 13928: ([20], 0.01818181818181818), 13929: ([10], 0.037037037037037035), 13930: ([11], 0.029411764705882353), 13931: ([20], 0.01818181818181818), 13932: ([17], 0.023809523809523808), 13933: ([19], 0.019230769230769232), 13934: ([10], 0.03225806451612903), 13935: ([16], 0.024390243902439025), 13936: ([17], 0.022727272727272728), 13937: ([17], 0.021739130434782608), 13938: ([10], 0.02857142857142857), 13939: ([20], 0.01818181818181818), 13940: ([10], 0.03225806451612903), 13941: ([21], 0.018518518518518517), 13942: ([21], 0.019230769230769232), 13943: ([20], 0.01818181818181818), 13944: ([19], 0.019230769230769232), 13945: ([21], 0.019230769230769232), 13946: ([15], 0.02631578947368421), 13947: ([15], 0.025), 13948: ([25], 0.02), 13949: ([21], 0.019230769230769232), 13950: ([14], 0.023255813953488372), 13951: ([21], 0.021739130434782608), 13952: ([296], 0.0030959752321981426), 13953: ([20], 0.02040816326530612), 13954: ([22], 0.01639344262295082), 13955: ([19], 0.02), 13956: ([14], 0.02564102564102564), 13957: ([18], 0.023255813953488372), 13958: ([27, 27], 0.0007283321194464676), 13959: ([15], 0.022727272727272728), 13960: ([17], 0.021739130434782608), 13961: ([19], 0.019230769230769232), 13962: ([18], 0.023255813953488372), 13963: ([92], 0.008403361344537815), 13964: ([16], 0.024390243902439025), 13965: ([19], 0.021739130434782608), 13966: ([17], 0.021739130434782608), 13967: ([21], 0.017241379310344827), 13968: ([116, 116], 0.0007283321194464676), 13969: ([22], 0.01639344262295082), 13970: ([17], 0.021739130434782608), 13971: ([20], 0.02040816326530612), 13972: ([15], 0.021739130434782608), 13973: ([17], 0.022727272727272728), 13974: ([16], 0.023255813953488372), 13975: ([24], 0.0196078431372549), 13976: ([42], 0.015384615384615385), 13977: ([92], 0.008403361344537815), 13978: ([19], 0.019230769230769232), 13979: ([21], 0.017857142857142856), 13980: ([17], 0.022727272727272728), 13981: ([71], 0.010638297872340425), 13982: ([19], 0.02), 13983: ([21], 0.022222222222222223), 13984: ([10], 0.037037037037037035), 13985: ([11], 0.029411764705882353), 13986: ([19], 0.019230769230769232), 13987: ([19], 0.019230769230769232), 13988: ([18], 0.02127659574468085), 13989: ([21], 0.021739130434782608), 13990: ([16], 0.024390243902439025), 13991: ([88], 0.008695652173913044), 13992: ([14], 0.02702702702702703), 13993: ([18], 0.02127659574468085), 13994: ([14], 0.02564102564102564), 13995: ([24], 0.02040816326530612), 13996: ([21], 0.017857142857142856), 13997: ([19], 0.019230769230769232), 13998: ([10], 0.037037037037037035), 13999: ([17], 0.025), 14000: ([33], 0.014285714285714285), 14001: ([24], 0.0196078431372549), 14002: ([23], 0.015625), 14003: ([15], 0.025), 14004: ([17], 0.021739130434782608), 14005: ([21], 0.021739130434782608), 14006: ([15], 0.025), 14007: ([20], 0.01818181818181818), 14008: ([21], 0.017241379310344827), 14009: ([17], 0.022727272727272728), 14010: ([19], 0.019230769230769232), 14011: ([24], 0.02040816326530612), 14012: ([19], 0.02), 14013: ([10], 0.02857142857142857), 14014: ([24], 0.0196078431372549), 14015: ([18], 0.023255813953488372), 14016: ([20], 0.01818181818181818), 14017: ([10], 0.03225806451612903), 14018: ([18], 0.02127659574468085), 14019: ([19], 0.019230769230769232), 14020: ([14], 0.02702702702702703), 14021: ([22], 0.01818181818181818), 14022: ([19], 0.025), 14023: ([14], 0.023255813953488372), 14024: ([10], 0.02564102564102564), 14025: ([17], 0.022727272727272728), 14026: ([13], 0.025), 14027: ([18], 0.02040816326530612), 14028: ([19], 0.019230769230769232), 14029: ([19], 0.019230769230769232), 14030: ([17], 0.021739130434782608), 14031: ([12], 0.02702702702702703), 14032: ([19], 0.019230769230769232), 14033: ([19], 0.020833333333333332), 14034: ([22], 0.01818181818181818), 14035: ([17], 0.023809523809523808), 14036: ([24], 0.02040816326530612), 14037: ([19], 0.025), 14038: ([12], 0.02702702702702703), 14039: ([20], 0.0196078431372549), 14040: ([20], 0.01818181818181818), 14041: ([19], 0.019230769230769232), 14042: ([10], 0.03225806451612903), 14043: ([18], 0.02127659574468085), 14044: ([18], 0.02127659574468085), 14045: ([16], 0.024390243902439025), 14046: ([35], 0.015151515151515152), 14047: ([20], 0.01818181818181818), 14048: ([15], 0.02631578947368421), 14049: ([17], 0.022727272727272728), 14050: ([21], 0.017241379310344827), 14051: ([19], 0.019230769230769232), 14052: ([21], 0.017241379310344827), 14053: ([17], 0.021739130434782608), 14054: ([20], 0.02040816326530612), 14055: ([24], 0.014925373134328358), 14056: ([27], 0.017241379310344827), 14057: ([16], 0.023255813953488372), 14058: ([12], 0.02702702702702703), 14059: ([18], 0.02040816326530612), 14060: ([18], 0.02127659574468085), 14061: ([19], 0.021739130434782608), 14062: ([22], 0.02127659574468085), 14063: ([16], 0.02564102564102564), 14064: ([24], 0.01639344262295082), 14065: ([19], 0.019230769230769232), 14066: ([92], 0.008264462809917356), 14067: ([19], 0.02), 14068: ([16], 0.02564102564102564), 14069: ([18], 0.02040816326530612), 14070: ([15], 0.02631578947368421), 14071: ([21], 0.019230769230769232), 14072: ([12], 0.02857142857142857), 14073: ([17], 0.023809523809523808), 14074: ([20], 0.02040816326530612), 14075: ([30], 0.01818181818181818), 14076: ([15], 0.025), 14077: ([20], 0.01818181818181818), 14078: ([25], 0.016129032258064516), 14079: ([24], 0.01639344262295082), 14080: ([26], 0.014925373134328358), 14081: ([17], 0.021739130434782608), 14082: ([16], 0.02564102564102564), 14083: ([20], 0.02040816326530612), 14084: ([24], 0.02127659574468085), 14085: ([17], 0.021739130434782608), 14086: ([10], 0.03225806451612903), 14087: ([16], 0.023255813953488372), 14088: ([16], 0.02564102564102564), 14089: ([15], 0.02631578947368421), 14090: ([19], 0.019230769230769232)}"
zotero,"{13021: ([60], 0.005847953216374269), 13032: ([61], 0.00641025641025641), 13039: ([28], 0.006896551724137931), 13041: ([134], 0.0025), 13059: ([159], 0.0028328611898017)}"
zubek,"{13029: ([50, 191], 0.007220216606498195)}"
zarate,"{14119: ([145], 0.0026595744680851063), 14219: ([17, 33, 55, 68, 87, 96, 143, 292, 296, 358, 431, 511, 515, 519, 523, 527, 531], 0.03019538188277087), 16058: ([17, 33, 55, 68, 87, 96, 156, 305, 309, 371, 444, 524, 528, 532, 536, 540, 544], 0.029513888888888888), 38194: ([17, 33, 55, 68, 87, 96, 159, 308, 312, 374, 447, 527, 531, 535, 539, 543, 547, 17, 33, 55, 68, 87, 96, 159, 308, 312, 374, 447, 527, 531, 535, 539, 543, 547], 0.010800508259212199), 38263: ([302], 0.002785515320334262), 38267: ([203], 0.0038461538461538464)}"
zarki,"{14184: ([2, 17, 35, 51], 0.07547169811320754), 14198: ([2, 7, 30], 0.022727272727272728), 14228: ([2], 0.058823529411764705), 14341: ([134], 0.0013869625520110957), 14412: ([4], 0.023255813953488372), 14488: ([10], 0.0035460992907801418), 15494: ([9], 0.034482758620689655), 15528: ([7], 0.018518518518518517), 15830: ([18], 0.014084507042253521), 16722: ([7], 0.027777777777777776), 18846: ([13], 0.02857142857142857), 19498: ([28], 0.001430615164520744), 20698: ([11], 0.030303030303030304), 22244: ([2, 11], 0.044444444444444446), 24508: ([511, 520, 524], 0.004178272980501393), 25424: ([5], 0.02127659574468085), 26226: ([2, 49, 52], 0.05660377358490566), 26675: ([11], 0.034482758620689655), 31593: ([3, 9, 240], 0.0038022813688212928), 33195: ([7], 0.027777777777777776), 36888: ([87, 95, 98], 0.030303030303030304), 37078: ([11], 0.03125), 37896: ([8, 8], 0.0007089684509039348), 37990: ([4, 4], 0.0007089684509039348), 38508: ([10], 0.005405405405405406)}"
zijia,"{14119: ([301], 0.0026595744680851063), 14496: ([120], 0.005076142131979695), 21172: ([130], 0.004830917874396135)}"
zoo,"{14138: ([31], 0.002512562814070352), 14189: ([31], 0.0025906735751295338), 20327: ([39], 0.012987012987012988), 23228: ([0, 32, 34], 0.08333333333333333), 23229: ([0, 34, 37], 0.075), 24352: ([0, 34, 36], 0.07894736842105263), 24433: ([2, 40, 43], 0.06818181818181818), 24608: ([2, 8, 14], 0.16666666666666666), 30615: ([11, 23, 35], 0.08333333333333333), 32637: ([5, 11, 17], 0.16666666666666666), 33484: ([1, 23, 25], 0.11538461538461539), 33787: ([0, 33, 36], 0.07692307692307693), 36948: ([0, 36, 39], 0.07142857142857142), 37334: ([0, 32, 35], 0.07894736842105263)}"
zotbins,"{14217: ([0], 0.015873015873015872), 14504: ([2], 0.03571428571428571), 18599: ([0], 0.015384615384615385), 22861: ([0], 0.015384615384615385), 23626: ([2], 0.021739130434782608), 33071: ([2], 0.021739130434782608)}"
zuckerberg,"{14366: ([9, 30, 49], 0.04918032786885246), 14386: ([84], 0.006944444444444444), 35333: ([12, 47], 0.034482758620689655)}"
zagreb,"{14565: ([31], 0.010101010101010102)}"
zeeman,"{14759: ([469], 0.0019880715705765406), 16107: ([498], 0.0018796992481203006), 17554: ([554], 0.0017006802721088435), 31567: ([533], 0.001763668430335097), 31683: ([2570], 0.0003875968992248062)}"
zelig,"{14741: ([1, 9, 14, 19], 0.11428571428571428), 37209: ([3], 0.017543859649122806)}"
zion,"{14803: ([0, 33, 35], 0.08108108108108109), 15748: ([0, 32, 34], 0.08333333333333333), 18119: ([0, 31, 33], 0.08571428571428572), 20124: ([0, 35, 41], 0.06382978723404255), 23117: ([2, 39, 45], 0.061224489795918366), 23343: ([2, 51, 54], 0.05454545454545454), 24194: ([2, 34, 37], 0.07894736842105263), 26501: ([1, 34, 38], 0.07317073170731707), 30062: ([3, 43, 52], 0.05172413793103448), 32717: ([2, 37, 41], 0.06976744186046512), 35006: ([0, 39, 43], 0.06382978723404255)}"
zippled,"{14759: ([62], 0.0019880715705765406), 17554: ([56], 0.0017006802721088435), 31567: ([104], 0.001763668430335097)}"
zonohedra,"{14610: ([57], 0.0045045045045045045), 14833: ([233], 0.0006747638326585695), 20157: ([7], 0.015873015873015872), 21949: ([578, 638, 641], 0.004511278195488722), 22860: ([197], 0.0012062726176115801), 23060: ([1137], 0.0008726003490401396), 27572: ([44], 0.0016), 29389: ([41, 41], 0.00045714285714285713), 29643: ([283], 0.0003123048094940662), 30196: ([0, 6, 10], 0.15789473684210525), 32003: ([123], 0.0037313432835820895), 34305: ([518], 0.0001920860545524395), 35990: ([10], 0.0047169811320754715), 36473: ([0], 0.05555555555555555)}"
zonotopes,"{14610: ([59], 0.0045045045045045045), 14833: ([235], 0.0006747638326585695), 20039: ([68], 0.004310344827586207), 20157: ([9, 12, 26], 0.047619047619047616), 21447: ([159], 0.000574052812858783), 21949: ([580, 640, 643], 0.004511278195488722), 22860: ([199], 0.0012062726176115801), 23060: ([639, 1139], 0.0017452006980802793), 27572: ([46], 0.0016), 29643: ([285, 457], 0.0006246096189881324), 29871: ([45], 0.0022727272727272726), 30196: ([2], 0.05263157894736842), 31680: ([151], 0.0021645021645021645), 32003: ([125], 0.0037313432835820895), 34305: ([520, 814], 0.000384172109104879), 35990: ([12], 0.0047169811320754715), 36473: ([2], 0.05555555555555555), 37634: ([44], 0.005050505050505051)}"
zack,"{15010: ([0, 40, 41], 0.07142857142857142), 15068: ([0, 31, 33], 0.08571428571428572), 17487: ([1, 23, 25], 0.11538461538461539), 22520: ([0, 33, 36], 0.07692307692307693), 23087: ([3, 27, 31], 0.09375), 24554: ([5, 45, 52], 0.05555555555555555), 24956: ([0, 32, 34], 0.08333333333333333), 30173: ([0, 26, 32], 0.07894736842105263), 33806: ([2, 33, 36], 0.08108108108108109), 33917: ([6, 49, 60], 0.046153846153846156), 34434: ([0, 21, 22], 0.13043478260869565), 35679: ([0, 23, 26], 0.10344827586206896), 36300: ([0, 39, 40], 0.07317073170731707)}"
zarlin,"{15043: ([4, 36, 41], 0.07142857142857142), 20568: ([1, 29, 31], 0.09375)}"
zeroknowledge,"{15151: ([3], 0.019230769230769232), 32935: ([37], 0.01020408163265306)}"
zeroone,"{15074: ([32], 0.005681818181818182), 31250: ([4, 14], 0.08333333333333333)}"
zig,"{15101: ([35], 0.013513513513513514)}"
zigzig,"{15101: ([43], 0.013513513513513514)}"
zuerich,"{14972: ([305], 0.002457002457002457)}"
zipped,"{15269: ([3457], 0.00013910140492418973), 16084: ([1971, 3906], 0.00048792388387411563), 16603: ([1764, 2365], 0.00030613806826878924), 18665: ([2317, 5646], 0.0003439972480220158), 20058: ([5, 87, 127, 207, 226, 248, 294, 319, 365, 384, 414, 447, 488, 513, 554, 641, 688, 696], 0.024161073825503355), 22213: ([3382], 0.00014058765640376775), 23647: ([2450, 2462], 0.000736105999263894), 24644: ([3439], 0.00013945056477478735), 25580: ([3457], 0.00013910140492418973), 28033: ([77], 0.0033003300330033004), 29267: ([2699], 0.0001751006828926633), 32006: ([2745], 0.00018656716417910448)}"
zonotope,"{15399: ([9], 0.05), 21949: ([170, 243, 292, 562], 0.006015037593984963)}"
zalando,"{15879: ([201], 0.0027624309392265192)}"
zebras,"{15996: ([2, 45, 48], 0.061224489795918366), 27956: ([2, 45, 48], 0.061224489795918366)}"
zippy,"{15890: ([0, 34, 36], 0.07894736842105263), 17481: ([0, 32, 36], 0.075), 17702: ([0, 30, 32], 0.08823529411764706), 18885: ([0, 30, 32], 0.08823529411764706), 20819: ([0, 30, 31], 0.09375), 21049: ([0, 32, 35], 0.07894736842105263), 21777: ([0, 32, 35], 0.07894736842105263), 22453: ([0, 32, 36], 0.075), 23787: ([0, 33, 36], 0.07692307692307693), 27885: ([0, 31, 33], 0.08571428571428572), 30127: ([0, 33, 37], 0.07317073170731707), 31909: ([0, 32, 36], 0.075), 34065: ([0, 31, 34], 0.08108108108108109), 34573: ([0, 31, 32], 0.09090909090909091), 35224: ([0, 33, 37], 0.07317073170731707), 36063: ([0, 38, 41], 0.06818181818181818), 36075: ([0, 30, 32], 0.08823529411764706)}"
zydow,"{15868: ([27], 0.007142857142857143)}"
zaw,"{16426: ([11], 0.023255813953488372)}"
zebra,"{16083: ([0, 37, 38], 0.07692307692307693), 17187: ([1, 33, 35], 0.08333333333333333), 26905: ([0, 38, 39], 0.075), 31506: ([0, 21, 22], 0.13043478260869565), 33267: ([0, 34, 35], 0.08333333333333333)}"
zen,"{16271: ([28], 0.004672897196261682), 18585: ([11, 18], 0.06666666666666667), 27734: ([651], 0.0012062726176115801), 29533: ([31], 0.020833333333333332), 31683: ([2571], 0.0003875968992248062)}"
zero,"{16084: ([1810], 0.00024396194193705782), 18007: ([26, 767], 0.00196078431372549), 18665: ([3042], 0.0001719986240110079), 19041: ([75], 0.012195121951219513), 19151: ([2], 0.08333333333333333), 20041: ([2243], 0.00022815423226100844), 20199: ([132], 0.0064516129032258064), 21145: ([28], 0.012658227848101266), 21586: ([2], 0.07692307692307693), 21590: ([71], 0.01282051282051282), 22140: ([21], 0.021739130434782608), 22378: ([167], 0.0019569471624266144), 23807: ([26, 35, 67], 0.04), 24850: ([37], 0.007042253521126761), 24942: ([20], 0.01818181818181818), 25520: ([64], 0.004524886877828055), 26513: ([0], 0.02631578947368421), 27337: ([346, 356, 364], 0.006741573033707865), 27926: ([27], 0.0070921985815602835), 30123: ([139], 0.005952380952380952), 30739: ([85], 0.0051813471502590676), 30818: ([62, 275], 0.004694835680751174), 31050: ([3], 0.03125), 31277: ([197], 0.003236245954692557), 32300: ([2107], 0.00034602076124567473), 33557: ([157], 0.001379310344827586), 33726: ([67], 0.010869565217391304), 34788: ([75], 0.012195121951219513), 35544: ([433], 0.00211864406779661), 35720: ([0, 13, 15], 0.17647058823529413), 36962: ([26, 760], 0.0019743336623889436), 37679: ([74], 0.012658227848101266), 38069: ([12, 32, 52, 12, 32, 52], 0.0019059720457433292), 38096: ([12, 12], 0.0007089684509039348), 38128: ([58, 58], 0.0006353240152477764), 38393: ([137], 0.005076142131979695), 38500: ([4, 24, 44], 0.04411764705882353), 38593: ([120], 0.0045871559633027525)}"
zone,"{16398: ([2], 0.030303030303030304), 23956: ([1, 40, 42], 0.06976744186046512), 27622: ([483], 0.0013605442176870747), 29560: ([1, 49, 51], 0.057692307692307696), 36655: ([483], 0.0013605442176870747)}"
zachary,"{16715: ([3], 0.00909090909090909), 18319: ([343, 620], 0.0019175455417066154), 22255: ([16], 0.03571428571428571), 27625: ([3], 0.008064516129032258), 31683: ([2542], 0.0003875968992248062), 32593: ([8], 0.041666666666666664), 35228: ([34], 0.021739130434782608), 37483: ([23], 0.02127659574468085), 38068: ([44], 0.00392156862745098)}"
zhuravno,"{16450: ([2, 6], 0.25), 24400: ([3, 8], 0.2)}"
zoomscroll,"{16789: ([41, 116, 170], 0.01485148514851485), 31441: ([175, 335], 0.005194805194805195), 36966: ([13], 0.034482758620689655)}"
zoya,"{16596: ([0, 33, 36], 0.07692307692307693), 28954: ([2, 44, 47], 0.0625), 36290: ([2, 40, 43], 0.06818181818181818)}"
zvon,"{16798: ([64, 70], 0.02631578947368421), 17112: ([111, 118], 0.016), 18155: ([49, 56], 0.031746031746031744), 18260: ([31, 43], 0.03636363636363636), 18395: ([17, 23], 0.06896551724137931), 19054: ([26, 30], 0.0425531914893617), 19370: ([34, 41], 0.041666666666666664), 20142: ([2, 6], 0.2), 20462: ([31, 36], 0.04878048780487805), 21176: ([8, 14], 0.1), 23149: ([7, 12], 0.11764705882352941), 25913: ([7, 12], 0.11764705882352941), 27870: ([39, 45], 0.0392156862745098), 28561: ([52, 59], 0.030303030303030304), 29316: ([15, 19], 0.08695652173913043), 32626: ([6, 10], 0.14285714285714285), 33072: ([7, 12], 0.11764705882352941), 34328: ([17, 32], 0.0425531914893617), 36096: ([36, 44], 0.038461538461538464)}"
zaldivar,"{16847: ([18], 0.015384615384615385), 37888: ([32, 71, 110], 0.02564102564102564), 38446: ([73, 73], 0.0006353240152477764), 38511: ([108], 0.0041841004184100415)}"
zelf,"{16866: ([4043, 4055, 4067, 4079, 4091, 4103, 4135, 4142, 4149, 4156, 4163, 4170, 9776, 9788], 0.0012603528988116672)}"
zemel,"{16866: ([4862, 4879, 4896, 4913, 4930, 4947, 8253, 8379, 8433, 9912], 0.0009002520705797623)}"
zhu,"{16866: ([7181], 9.002520705797624e-05), 21346: ([36, 115], 0.017241379310344827), 26972: ([13], 0.022222222222222223), 36108: ([78], 0.0024937655860349127), 37008: ([4, 5, 35], 0.06976744186046512), 37776: ([10], 0.03125), 38639: ([7, 100], 0.010638297872340425), 38679: ([1, 12, 32, 40], 0.08333333333333333)}"
zoid,"{17175: ([0, 30, 32], 0.08823529411764706)}"
zoids,"{17242: ([5, 40, 46], 0.06382978723404255), 18668: ([0, 4, 8], 0.25), 19781: ([1, 32, 34], 0.08571428571428572), 33665: ([1, 33, 36], 0.07894736842105263), 36497: ([1, 33, 36], 0.07894736842105263)}"
zomorodi,"{17067: ([5], 0.016666666666666666), 21819: ([5], 0.015625)}"
zgetitem,"{17594: ([41, 44], 0.009259259259259259), 37204: ([41, 44], 0.009259259259259259)}"
zacha,"{17981: ([1, 29, 31], 0.09375)}"
zerodivisionerror,"{18007: ([23], 0.000980392156862745), 18934: ([448, 451], 0.0026560424966799467), 26399: ([2203], 0.0004065040650406504), 36962: ([23], 0.0009871668311944718)}"
zucker,"{17990: ([0, 2, 4], 0.04918032786885246)}"
zahavi,"{18276: ([121], 0.008064516129032258)}"
zara,"{18319: ([1010], 0.0009587727708533077)}"
zarandi,"{18319: ([640], 0.0009587727708533077)}"
zifei,"{18319: ([328], 0.0009587727708533077)}"
zollikofer,"{18319: ([433, 751], 0.0019175455417066154), 25856: ([182], 0.003236245954692557)}"
zoom,"{18257: ([5, 56, 62], 0.047619047619047616)}"
zeidenfeldseidenfeld,"{18593: ([56], 0.008403361344537815)}"
ziskind,"{18593: ([11], 0.008403361344537815)}"
zoe,"{18759: ([5, 35, 41], 0.07142857142857142), 32487: ([0, 46, 49], 0.057692307692307696)}"
zonta,"{18750: ([47], 0.00048355899419729207), 25569: ([9, 42], 0.0425531914893617), 36226: ([9, 42], 0.0425531914893617), 36293: ([47], 0.00048355899419729207), 37893: ([6, 23, 40, 6, 23, 40], 0.0019059720457433292), 38150: ([34, 34], 0.0006353240152477764), 38382: ([31, 31], 0.0006353240152477764)}"
zou,"{18530: ([6, 39], 0.04081632653061224), 38660: ([13, 36, 47], 0.05084745762711865), 38683: ([106], 0.00392156862745098)}"
zivilprozessordnung,"{18912: ([1014], 0.0008285004142502071)}"
zustimmung,"{18912: ([758], 0.0008285004142502071)}"
zuzka,"{19083: ([0, 33, 35], 0.08108108108108109), 19955: ([0, 33, 34], 0.08571428571428572), 25971: ([0, 34, 37], 0.075), 28663: ([2, 35, 38], 0.07692307692307693), 29693: ([0, 40, 47], 0.05555555555555555), 32844: ([0, 36, 40], 0.06818181818181818)}"
zablocie,"{19421: ([46], 0.011627906976744186)}"
zeltner,"{19466: ([13], 0.045454545454545456), 27893: ([0, 2, 4], 0.07894736842105263)}"
zied,"{19543: ([42], 0.022222222222222223), 21981: ([36], 0.02564102564102564), 32732: ([36], 0.02564102564102564), 36597: ([44], 0.02127659574468085)}"
zabriskie,"{19823: ([3, 37, 42], 0.06818181818181818), 20450: ([2, 33, 37], 0.07692307692307693), 28617: ([2, 33, 37], 0.07692307692307693), 28790: ([4, 44, 50], 0.057692307692307696), 29351: ([3, 47, 52], 0.05555555555555555), 30563: ([5, 41, 48], 0.06), 32062: ([2, 42, 46], 0.0625), 33499: ([1, 35, 38], 0.075), 34160: ([6, 42, 50], 0.057692307692307696), 36663: ([3, 37, 42], 0.06818181818181818)}"
zali,"{20075: ([4], 0.03571428571428571), 32013: ([37], 0.0016339869281045752)}"
zlate,"{20075: ([3], 0.03571428571428571), 32013: ([36], 0.0016339869281045752)}"
ziga,"{20065: ([6, 42, 49], 0.06), 20588: ([6, 44, 51], 0.057692307692307696)}"
zupan,"{20655: ([428], 0.0009099181073703367), 27203: ([452], 0.000881057268722467)}"
zylinski,"{20824: ([25], 0.020833333333333332)}"
zeugma,"{20969: ([289], 0.0034482758620689655)}"
zimmer,"{21368: ([1, 51, 57], 0.04838709677419355), 35392: ([20], 0.014705882352941176)}"
zorro,"{21296: ([0, 30, 31], 0.09375)}"
zaddtoface,"{21949: ([28, 33], 0.0030075187969924814)}"
zaddtuples,"{21949: ([99, 114], 0.0030075187969924814)}"
zallfaces,"{21949: ([122, 248], 0.0030075187969924814)}"
zalltuples,"{21949: ([71, 78, 87], 0.004511278195488722)}"
zface,"{21949: ([153, 158, 166, 230], 0.006015037593984963)}"
zliftall,"{21949: ([136, 246], 0.0030075187969924814)}"
zliftface,"{21949: ([142, 218], 0.0030075187969924814)}"
zliftvector,"{21949: ([175, 235], 0.0030075187969924814)}"
zmakepolygon,"{21949: ([275, 291, 561], 0.004511278195488722)}"
znewfaces,"{21949: ([109, 126], 0.0030075187969924814)}"
znext,"{21949: ([252, 279], 0.0030075187969924814)}"
zoldfaces,"{21949: ([23, 115], 0.0030075187969924814)}"
zonecircle,"{21949: ([532, 554, 557], 0.004511278195488722)}"
zonohedron,"{21949: ([286, 300, 304, 315, 329, 339, 348, 364, 384, 403, 447, 458, 490, 553, 596], 0.022556390977443608)}"
zooks,"{21993: ([2, 34, 37], 0.07894736842105263)}"
zooming,"{21812: ([39, 44, 48], 0.022727272727272728), 29832: ([17], 0.010752688172043012)}"
zooms,"{21749: ([135], 0.004524886877828055)}"
zorigin,"{21949: ([146, 156, 162, 184, 186, 199, 201], 0.010526315789473684)}"
zsigntest,"{21949: ([2, 43, 189], 0.004511278195488722)}"
ztuples,"{21949: ([56, 65, 93, 105], 0.006015037593984963)}"
zvecplus,"{21949: ([205, 214, 223, 227, 576], 0.007518796992481203)}"
zakupu,"{22358: ([11], 0.04)}"
zapowiedzi,"{22358: ([5], 0.04)}"
zsigmond,"{22399: ([9], 0.014925373134328358)}"
zot,"{22612: ([7], 0.006097560975609756), 33201: ([7], 0.00847457627118644)}"
zotpark,"{22773: ([22], 0.008264462809917356)}"
zvi,"{22867: ([2, 8, 14], 0.16666666666666666), 23060: ([705], 0.0008726003490401396), 28137: ([62], 0.006211180124223602), 29776: ([602], 0.00031446540880503143), 30022: ([1, 7, 13], 0.16666666666666666)}"
zhendong,"{23108: ([185, 185], 0.00038587690526721975), 31319: ([185], 0.005025125628140704), 35172: ([158], 0.005813953488372093)}"
zeligman,"{23483: ([234], 0.003389830508474576)}"
zionist,"{23538: ([28], 0.013888888888888888)}"
zoa,"{23538: ([32], 0.013888888888888888)}"
zmeck,"{23757: ([0, 32, 34], 0.08333333333333333)}"
zcc,"{24750: ([2119, 2149, 2155, 2157], 0.0016155088852988692), 29604: ([188, 212], 0.005763688760806916), 32147: ([246, 251, 254, 259, 262, 265, 270, 276, 279, 306, 309, 313, 317, 321, 324, 327, 332, 338, 341, 345, 348, 351, 354, 357, 360, 366, 369, 375, 377, 382, 390, 396, 398, 403, 411, 417], 0.06050420168067227), 34144: ([263, 267, 269, 273, 275, 278, 282, 286, 288, 316, 319, 322, 325, 328, 330, 333, 337, 341, 343, 347, 350, 352, 355, 358, 362, 367, 371, 376, 378, 382, 388, 393, 397, 401, 407, 412], 0.06050420168067227)}"
zdnetcom,"{24743: ([24], 0.04)}"
zofia,"{25197: ([62], 0.004032258064516129)}"
zelinger,"{26027: ([0, 2, 4], 0.13043478260869565)}"
zipper,"{25714: ([0, 23, 26], 0.10344827586206896), 29041: ([0, 28, 29], 0.1)}"
zelesnik,"{26134: ([25], 0.027777777777777776)}"
zentralblatt,"{26388: ([25], 0.03225806451612903)}"
zhangjiajie,"{26377: ([605], 0.0014347202295552368)}"
zhijing,"{26273: ([124], 0.00267379679144385), 37310: ([253, 262], 0.007434944237918215)}"
zuckerman,"{26126: ([0, 2, 4], 0.08333333333333333), 35836: ([282], 0.002066115702479339)}"
zhaoxia,"{26537: ([0, 43, 46], 0.031578947368421054), 34119: ([0, 9], 0.045454545454545456), 38607: ([156], 0.0035842293906810036), 38651: ([40], 0.014492753623188406), 38676: ([34], 0.01)}"
zybook,"{26615: ([7], 0.043478260869565216)}"
zealand,"{27533: ([8], 0.015873015873015872), 27977: ([104], 0.0029498525073746312), 32485: ([365, 367, 369], 0.0055248618784530384)}"
zena,"{27281: ([0, 45, 50], 0.05454545454545454), 31022: ([0, 34, 38], 0.07142857142857142), 32212: ([0, 24, 28], 0.09375), 33719: ([0, 36, 43], 0.06)}"
zerofill,"{27526: ([2, 3, 23, 27, 85, 87, 107, 108, 111, 118], 0.032467532467532464), 33809: ([73], 0.0070921985815602835)}"
zerooverhead,"{27526: ([247], 0.003246753246753247)}"
zhanhanl,"{27535: ([15], 0.05)}"
zuzana,"{27641: ([0, 39, 44], 0.061224489795918366), 29946: ([0, 42, 51], 0.05), 34300: ([0, 39, 46], 0.05660377358490566)}"
zweig,"{27563: ([0, 2, 4], 0.06666666666666667)}"
zeus,"{27734: ([519], 0.0012062726176115801)}"
zope,"{27703: ([342, 345, 348, 352], 0.005847953216374269)}"
zyskiel,"{28309: ([8], 0.045454545454545456)}"
zahler,"{28665: ([0, 2, 4], 0.21428571428571427)}"
zijsweg,"{28786: ([1, 36, 39], 0.07317073170731707)}"
zo95,"{28859: ([18], 0.03225806451612903)}"
zrk96,"{28859: ([19], 0.03225806451612903)}"
zephyr,"{29063: ([27, 27], 0.00038948393378773126)}"
zhihao,"{29063: ([2, 5, 25, 56, 58, 2, 5, 25, 56, 58], 0.0019474196689386564)}"
zuzanna,"{29263: ([17], 0.047619047619047616)}"
zanden,"{29324: ([3, 39, 43], 0.06818181818181818)}"
zeph,"{29836: ([26], 0.025)}"
zotfinder,"{29944: ([20, 82], 0.022988505747126436), 37859: ([9, 9], 0.0006353240152477764), 38073: ([22], 0.005208333333333333), 38168: ([2, 11, 20], 0.1111111111111111)}"
zambia,"{30391: ([37], 0.00909090909090909)}"
zborov,"{30345: ([19, 23, 25, 28], 0.12903225806451613)}"
zborovzboro,"{30345: ([18], 0.03225806451612903)}"
zender,"{30391: ([30], 0.00909090909090909)}"
zhao,"{30213: ([5, 36], 0.046511627906976744), 36293: ([277], 0.00048355899419729207), 36415: ([1, 10], 0.045454545454545456), 38504: ([26, 26], 0.0006353240152477764)}"
zeller,"{30830: ([552], 0.0016501650165016502)}"
zhanpeng,"{30830: ([396], 0.0016501650165016502), 37030: ([15], 0.018867924528301886)}"
zuid,"{30778: ([0, 33, 36], 0.07692307692307693), 31622: ([0, 40, 43], 0.06521739130434782)}"
zybooks,"{30759: ([17, 24, 52, 75], 0.05263157894736842)}"
zzz,"{31107: ([17, 19, 22], 0.058823529411764705), 37174: ([3356], 0.00028843380444188056)}"
zappa,"{31683: ([2196, 2561], 0.0007751937984496124)}"
zerouni,"{31683: ([433], 0.0003875968992248062)}"
zoma,"{31683: ([2574], 0.0003875968992248062)}"
zak,"{32013: ([227], 0.0016339869281045752)}"
zalman6,"{32013: ([565], 0.0016339869281045752)}"
zelig4,"{32013: ([99], 0.0016339869281045752)}"
zelig5,"{32013: ([406], 0.0016339869281045752)}"
zev,"{32013: ([167], 0.0016339869281045752)}"
zev5,"{32013: ([142], 0.0016339869281045752)}"
zevasser,"{32013: ([154], 0.0016339869281045752)}"
zimmermann,"{32013: ([151], 0.0016339869281045752)}"
zabna,"{32899: ([8], 0.013513513513513514)}"
zahedi,"{33220: ([134], 0.005917159763313609)}"
zhiwei,"{33131: ([1293], 0.000731528895391368)}"
zhong,"{33131: ([1294], 0.000731528895391368), 38687: ([25], 0.009708737864077669)}"
zhuomin,"{33126: ([52], 0.00819672131147541)}"
zubin,"{33131: ([1343], 0.000731528895391368)}"
zdatainstalled,"{33452: ([180], 0.0014326647564469914), 37628: ([19], 0.0029239766081871343)}"
zuri,"{34398: ([44, 75, 82], 0.004580152671755725)}"
ziegler,"{34696: ([12], 0.034482758620689655)}"
zishun,"{34677: ([312], 0.002531645569620253)}"
zordering,"{34593: ([103], 0.009345794392523364)}"
zerorating,"{35720: ([3], 0.058823529411764705)}"
zaire,"{35992: ([1, 31, 33], 0.08823529411764706)}"
zegura,"{35836: ([272], 0.002066115702479339)}"
zehra,"{35876: ([29, 164], 0.008968609865470852)}"
zhangxiaowen,"{35876: ([19, 146], 0.008968609865470852)}"
zhengyou,"{35836: ([273], 0.002066115702479339)}"
zhi,"{35876: ([21, 108, 144, 188], 0.017937219730941704)}"
ziv97,"{35837: ([4], 0.0625)}"
zurich,"{35836: ([132, 385], 0.004132231404958678)}"
zalman,"{36557: ([2], 0.06666666666666667)}"
zotmyhealth,"{36369: ([13], 0.020833333333333332)}"
zauncaunblaurok,"{36597: ([0, 2, 4], 0.06382978723404255)}"
zindex,"{36966: ([27, 28], 0.06896551724137931)}"
zip,"{36999: ([48], 0.011627906976744186)}"
zhijingqin,"{37310: ([255, 264], 0.007434944237918215)}"
zahra,"{37486: ([5], 0.007874015748031496)}"
zammitto,"{38068: ([3], 0.00392156862745098)}"
zerofidelity,"{38068: ([224], 0.00392156862745098)}"
zhang,"{37868: ([16, 16], 0.0007089684509039348), 38608: ([107], 0.007246376811594203), 38687: ([17], 0.009708737864077669)}"
